wl_position,days_left,class_type,quota,season,train_type,confirmed
41,7,Sleeper,Ladies,Off-peak,Shatabdi,0
15,8,Sleeper,Ladies,Peak,Express,1
3,1,Sleeper,GN,Peak,Rajdhani,0
36,12,1A,GN,Off-peak,Superfast,0
52,0,3A,Ladies,Off-peak,Superfast,0
18,9,3A,Tatkal,Peak,Rajdhani,0
25,6,2A,Tatkal,Off-peak,Rajdhani,0
47,29,Sleeper,Tatkal,Peak,Superfast,0
54,40,2A,Ladies,Peak,Rajdhani,0
3,42,3A,Tatkal,Peak,Shatabdi,0
56,6,1A,Tatkal,Off-peak,Superfast,0
11,23,2A,GN,Off-peak,Rajdhani,1
39,40,3A,Ladies,Peak,Shatabdi,0
30,24,2A,Ladies,Peak,Superfast,0
54,3,3A,GN,Off-peak,Express,0
18,4,3A,Ladies,Off-peak,Shatabdi,0
42,31,1A,Ladies,Off-peak,Shatabdi,0
17,8,3A,Ladies,Off-peak,Express,1
58,37,1A,Tatkal,Peak,Shatabdi,0
33,31,Sleeper,GN,Peak,Shatabdi,0
41,10,1A,Ladies,Peak,Express,0
25,38,1A,Ladies,Off-peak,Rajdhani,0
44,7,2A,Ladies,Off-peak,Rajdhani,0
19,27,3A,Tatkal,Peak,Superfast,0
33,11,Sleeper,Ladies,Off-peak,Shatabdi,0
10,23,3A,Ladies,Peak,Superfast,1
32,1,Sleeper,Tatkal,Off-peak,Shatabdi,0
4,15,Sleeper,GN,Off-peak,Rajdhani,1
49,34,3A,GN,Off-peak,Shatabdi,0
17,33,1A,GN,Peak,Superfast,0
26,42,2A,Tatkal,Off-peak,Rajdhani,0
16,14,Sleeper,Tatkal,Peak,Shatabdi,0
38,14,Sleeper,GN,Peak,Shatabdi,0
5,2,2A,GN,Peak,Superfast,0
43,31,3A,Ladies,Peak,Express,0
16,30,1A,GN,Peak,Rajdhani,0
43,27,2A,Tatkal,Off-peak,Express,0
56,3,Sleeper,GN,Off-peak,Superfast,0
52,6,3A,GN,Peak,Express,0
9,27,3A,Tatkal,Off-peak,Shatabdi,0
56,4,1A,Ladies,Peak,Rajdhani,0
42,34,Sleeper,GN,Peak,Shatabdi,0
27,31,1A,GN,Off-peak,Rajdhani,0
11,24,Sleeper,Tatkal,Off-peak,Express,0
19,27,1A,GN,Peak,Superfast,0
14,3,Sleeper,Ladies,Off-peak,Rajdhani,0
4,37,1A,Ladies,Peak,Rajdhani,0
33,5,3A,GN,Peak,Shatabdi,0
26,7,3A,Ladies,Peak,Rajdhani,0
27,42,2A,Tatkal,Peak,Superfast,0
16,16,1A,GN,Off-peak,Express,0
21,4,Sleeper,Tatkal,Peak,Rajdhani,0
35,13,2A,GN,Off-peak,Rajdhani,0
57,15,2A,Tatkal,Peak,Express,0
54,34,2A,Ladies,Peak,Superfast,0
60,42,Sleeper,GN,Off-peak,Rajdhani,0
57,6,3A,Tatkal,Off-peak,Shatabdi,0
46,21,3A,Ladies,Off-peak,Express,0
17,3,Sleeper,Ladies,Off-peak,Superfast,1
3,0,2A,GN,Off-peak,Shatabdi,0
48,28,1A,Ladies,Peak,Rajdhani,0
5,44,3A,Ladies,Peak,Superfast,1
38,35,3A,Tatkal,Peak,Rajdhani,0
20,23,Sleeper,Tatkal,Peak,Shatabdi,0
43,6,2A,Ladies,Off-peak,Shatabdi,0
60,15,3A,GN,Off-peak,Rajdhani,0
12,21,1A,Ladies,Peak,Superfast,0
11,44,Sleeper,Tatkal,Peak,Express,0
15,12,1A,Tatkal,Off-peak,Shatabdi,0
15,1,3A,Tatkal,Off-peak,Superfast,0
56,4,2A,Tatkal,Off-peak,Superfast,0
2,7,2A,GN,Off-peak,Rajdhani,1
7,38,1A,Tatkal,Off-peak,Express,0
39,32,Sleeper,Tatkal,Peak,Superfast,0
3,45,1A,GN,Peak,Superfast,0
28,4,2A,Ladies,Off-peak,Rajdhani,0
47,19,2A,Ladies,Off-peak,Superfast,0
26,44,2A,Ladies,Peak,Shatabdi,0
27,42,1A,Ladies,Peak,Superfast,0
26,35,Sleeper,Tatkal,Off-peak,Shatabdi,0
28,37,2A,Tatkal,Off-peak,Express,0
44,13,1A,Ladies,Peak,Rajdhani,0
19,32,2A,GN,Peak,Superfast,0
15,12,3A,GN,Peak,Shatabdi,0
31,39,Sleeper,Tatkal,Off-peak,Shatabdi,0
46,44,1A,Tatkal,Off-peak,Shatabdi,0
10,41,Sleeper,GN,Off-peak,Shatabdi,1
12,44,1A,GN,Peak,Rajdhani,0
30,8,1A,Ladies,Off-peak,Express,0
40,32,1A,Ladies,Off-peak,Shatabdi,0
48,30,1A,Tatkal,Peak,Superfast,0
50,33,1A,Ladies,Peak,Superfast,0
29,4,2A,GN,Off-peak,Superfast,0
21,34,Sleeper,GN,Peak,Shatabdi,1
25,44,3A,Ladies,Peak,Rajdhani,0
27,26,2A,Ladies,Off-peak,Express,0
4,13,1A,Tatkal,Peak,Express,0
31,0,2A,Tatkal,Off-peak,Express,0
35,34,3A,Tatkal,Peak,Superfast,0
28,31,Sleeper,Tatkal,Off-peak,Express,0
47,10,1A,GN,Peak,Express,0
38,36,Sleeper,GN,Off-peak,Shatabdi,0
56,29,3A,GN,Off-peak,Express,0
21,13,1A,Tatkal,Off-peak,Express,0
18,26,2A,GN,Off-peak,Rajdhani,0
48,34,Sleeper,Tatkal,Peak,Rajdhani,0
50,41,Sleeper,GN,Peak,Shatabdi,0
54,1,3A,GN,Peak,Express,0
43,7,3A,Tatkal,Off-peak,Superfast,0
11,38,Sleeper,GN,Off-peak,Rajdhani,1
38,1,2A,Ladies,Off-peak,Express,0
46,12,Sleeper,Ladies,Peak,Rajdhani,0
45,19,Sleeper,Ladies,Peak,Superfast,0
35,27,2A,GN,Off-peak,Rajdhani,0
55,26,1A,GN,Off-peak,Superfast,0
41,29,3A,Tatkal,Peak,Superfast,0
40,34,1A,Tatkal,Off-peak,Superfast,0
21,15,Sleeper,Tatkal,Off-peak,Shatabdi,0
49,29,1A,Tatkal,Peak,Express,0
55,20,3A,Tatkal,Peak,Superfast,0
52,16,2A,Tatkal,Off-peak,Rajdhani,0
34,12,Sleeper,GN,Off-peak,Express,1
36,15,1A,Ladies,Off-peak,Express,0
51,1,Sleeper,Tatkal,Peak,Express,0
45,15,2A,Ladies,Off-peak,Express,0
36,33,2A,Tatkal,Off-peak,Superfast,0
45,29,2A,Tatkal,Off-peak,Shatabdi,0
8,12,2A,GN,Peak,Shatabdi,0
14,30,2A,Ladies,Off-peak,Rajdhani,0
54,12,2A,GN,Off-peak,Shatabdi,0
20,0,3A,Tatkal,Peak,Rajdhani,0
36,18,3A,Ladies,Off-peak,Rajdhani,0
56,0,2A,Tatkal,Off-peak,Express,0
22,11,Sleeper,Tatkal,Off-peak,Rajdhani,0
53,4,1A,Tatkal,Peak,Rajdhani,0
10,9,2A,GN,Peak,Rajdhani,1
36,26,3A,Ladies,Off-peak,Express,0
59,28,2A,Ladies,Off-peak,Superfast,0
37,39,Sleeper,Ladies,Peak,Shatabdi,0
41,13,2A,Ladies,Peak,Shatabdi,0
16,11,Sleeper,GN,Peak,Express,1
29,44,1A,Tatkal,Peak,Shatabdi,0
19,45,2A,Ladies,Off-peak,Rajdhani,0
44,14,2A,Ladies,Peak,Express,0
8,34,3A,Ladies,Peak,Superfast,1
53,9,Sleeper,GN,Peak,Superfast,0
39,36,2A,Tatkal,Peak,Express,0
45,19,1A,Tatkal,Off-peak,Express,0
6,38,Sleeper,Tatkal,Off-peak,Superfast,1
2,5,3A,Ladies,Peak,Superfast,1
37,2,3A,Tatkal,Off-peak,Superfast,0
12,37,1A,Ladies,Off-peak,Rajdhani,0
31,22,1A,Tatkal,Off-peak,Rajdhani,0
55,10,2A,Tatkal,Off-peak,Superfast,0
43,25,Sleeper,Tatkal,Peak,Superfast,0
17,20,Sleeper,Tatkal,Peak,Express,0
27,3,3A,Ladies,Off-peak,Express,0
41,28,Sleeper,GN,Off-peak,Shatabdi,1
60,18,1A,Ladies,Off-peak,Rajdhani,0
2,40,3A,Ladies,Peak,Superfast,1
36,0,1A,GN,Peak,Rajdhani,0
30,7,3A,Tatkal,Off-peak,Superfast,0
27,30,1A,GN,Off-peak,Shatabdi,0
25,12,3A,GN,Off-peak,Express,1
22,32,2A,GN,Off-peak,Superfast,0
54,37,1A,GN,Off-peak,Express,0
23,21,1A,Tatkal,Off-peak,Shatabdi,0
45,15,1A,GN,Off-peak,Rajdhani,0
21,30,1A,Tatkal,Peak,Express,0
3,8,2A,GN,Off-peak,Rajdhani,1
34,29,Sleeper,Ladies,Peak,Express,0
56,41,3A,GN,Off-peak,Superfast,0
22,39,1A,Ladies,Peak,Superfast,0
55,43,1A,Tatkal,Off-peak,Rajdhani,0
40,4,3A,Ladies,Off-peak,Shatabdi,0
48,5,1A,GN,Peak,Express,0
11,44,2A,GN,Peak,Superfast,0
51,3,2A,Tatkal,Off-peak,Express,0
10,15,1A,Ladies,Peak,Shatabdi,0
12,5,1A,Ladies,Peak,Express,0
59,37,3A,GN,Off-peak,Superfast,0
30,16,Sleeper,Tatkal,Off-peak,Shatabdi,0
5,28,2A,Ladies,Off-peak,Express,1
45,16,1A,Tatkal,Peak,Express,0
55,30,Sleeper,GN,Off-peak,Superfast,0
37,18,2A,GN,Off-peak,Superfast,0
1,36,Sleeper,Ladies,Off-peak,Superfast,1
50,14,2A,GN,Peak,Superfast,0
44,42,3A,Ladies,Peak,Rajdhani,0
20,28,Sleeper,Ladies,Off-peak,Shatabdi,0
6,18,2A,Ladies,Off-peak,Shatabdi,1
13,8,2A,Ladies,Off-peak,Shatabdi,0
17,30,2A,Ladies,Off-peak,Rajdhani,0
30,4,3A,GN,Off-peak,Superfast,0
6,25,Sleeper,Tatkal,Peak,Express,0
24,43,2A,Ladies,Off-peak,Superfast,0
7,43,3A,Tatkal,Peak,Superfast,0
59,39,3A,Ladies,Peak,Express,0
59,44,2A,Ladies,Off-peak,Rajdhani,0
9,2,Sleeper,Tatkal,Off-peak,Rajdhani,0
7,15,3A,Tatkal,Off-peak,Superfast,0
43,44,1A,Ladies,Peak,Express,0
42,6,1A,Ladies,Off-peak,Superfast,0
3,44,2A,GN,Off-peak,Express,1
16,23,Sleeper,Ladies,Off-peak,Superfast,1
4,25,2A,GN,Peak,Express,1
6,42,3A,Ladies,Peak,Rajdhani,1
51,21,3A,GN,Peak,Rajdhani,0
54,35,3A,Ladies,Peak,Shatabdi,0
22,9,Sleeper,Tatkal,Peak,Shatabdi,1
35,16,3A,GN,Peak,Shatabdi,0
1,22,3A,Ladies,Off-peak,Rajdhani,1
12,16,Sleeper,GN,Off-peak,Rajdhani,1
48,4,1A,Tatkal,Off-peak,Rajdhani,0
29,32,3A,Ladies,Peak,Superfast,0
30,41,Sleeper,GN,Off-peak,Express,1
28,43,Sleeper,Tatkal,Off-peak,Rajdhani,0
58,5,2A,Ladies,Peak,Rajdhani,0
9,17,2A,Tatkal,Off-peak,Express,0
33,38,1A,GN,Peak,Shatabdi,0
28,28,3A,Tatkal,Off-peak,Express,0
26,26,Sleeper,Tatkal,Off-peak,Superfast,0
43,16,2A,GN,Off-peak,Rajdhani,0
6,5,Sleeper,Tatkal,Peak,Superfast,0
52,8,Sleeper,Ladies,Off-peak,Rajdhani,0
27,22,1A,Ladies,Peak,Superfast,0
39,19,2A,GN,Peak,Shatabdi,0
43,30,3A,GN,Off-peak,Superfast,0
8,17,3A,Tatkal,Peak,Superfast,0
2,11,2A,Ladies,Off-peak,Superfast,1
23,0,3A,GN,Off-peak,Rajdhani,0
10,40,Sleeper,GN,Peak,Express,1
27,29,2A,GN,Off-peak,Superfast,0
47,20,Sleeper,GN,Peak,Shatabdi,0
49,39,Sleeper,Ladies,Peak,Superfast,0
29,42,1A,Tatkal,Off-peak,Express,0
18,13,Sleeper,Tatkal,Off-peak,Rajdhani,0
19,43,1A,Ladies,Off-peak,Rajdhani,0
15,25,Sleeper,GN,Peak,Superfast,1
14,8,2A,Tatkal,Off-peak,Rajdhani,0
1,31,1A,GN,Peak,Express,1
35,45,3A,Ladies,Off-peak,Rajdhani,0
26,2,1A,GN,Off-peak,Rajdhani,0
56,20,1A,Ladies,Off-peak,Express,0
19,7,1A,GN,Off-peak,Shatabdi,0
52,39,1A,Ladies,Off-peak,Rajdhani,0
28,6,3A,Tatkal,Off-peak,Rajdhani,0
26,19,2A,GN,Off-peak,Shatabdi,0
5,32,Sleeper,Ladies,Peak,Superfast,1
23,41,3A,GN,Peak,Shatabdi,0
17,12,3A,Ladies,Peak,Rajdhani,0
12,40,1A,Tatkal,Off-peak,Superfast,0
56,40,2A,GN,Off-peak,Rajdhani,0
31,28,2A,Tatkal,Peak,Superfast,0
33,4,2A,Tatkal,Off-peak,Rajdhani,0
4,23,2A,GN,Peak,Express,1
30,37,Sleeper,Tatkal,Peak,Superfast,0
39,30,3A,GN,Off-peak,Rajdhani,0
52,21,Sleeper,Ladies,Peak,Rajdhani,0
16,45,1A,Tatkal,Peak,Superfast,0
24,18,1A,Tatkal,Off-peak,Rajdhani,0
51,40,2A,GN,Off-peak,Rajdhani,0
36,43,1A,Tatkal,Off-peak,Shatabdi,0
22,5,3A,Tatkal,Off-peak,Express,0
9,38,Sleeper,Tatkal,Off-peak,Superfast,0
53,8,Sleeper,Ladies,Off-peak,Superfast,0
2,23,2A,GN,Peak,Superfast,1
50,31,3A,GN,Peak,Shatabdi,0
5,18,Sleeper,Ladies,Peak,Superfast,1
57,39,3A,Ladies,Off-peak,Shatabdi,0
11,11,3A,Ladies,Off-peak,Rajdhani,1
27,23,3A,Tatkal,Off-peak,Express,0
15,34,3A,Tatkal,Off-peak,Shatabdi,0
24,43,1A,Tatkal,Off-peak,Express,0
33,33,1A,GN,Peak,Shatabdi,0
56,16,Sleeper,Ladies,Off-peak,Superfast,0
36,6,Sleeper,Tatkal,Peak,Shatabdi,0
18,28,3A,Tatkal,Peak,Shatabdi,0
53,28,2A,GN,Off-peak,Rajdhani,0
26,32,2A,GN,Off-peak,Rajdhani,0
24,14,Sleeper,Tatkal,Peak,Superfast,0
51,9,3A,GN,Off-peak,Express,0
45,8,1A,Tatkal,Peak,Rajdhani,0
2,16,3A,GN,Off-peak,Rajdhani,1
50,18,3A,Tatkal,Peak,Rajdhani,0
16,26,1A,GN,Peak,Express,0
39,34,Sleeper,Ladies,Peak,Shatabdi,0
19,27,Sleeper,Ladies,Off-peak,Shatabdi,1
37,26,3A,Ladies,Peak,Superfast,0
5,33,Sleeper,Tatkal,Off-peak,Rajdhani,0
41,24,2A,Tatkal,Peak,Superfast,0
51,4,2A,GN,Peak,Superfast,0
9,2,2A,Ladies,Off-peak,Shatabdi,0
54,43,1A,Ladies,Off-peak,Shatabdi,0
52,8,Sleeper,Ladies,Off-peak,Rajdhani,0
19,12,Sleeper,GN,Peak,Superfast,1
60,19,1A,Ladies,Off-peak,Superfast,0
3,41,3A,Tatkal,Off-peak,Rajdhani,0
56,41,2A,Tatkal,Peak,Superfast,0
28,25,1A,Tatkal,Off-peak,Shatabdi,0
32,44,1A,Tatkal,Off-peak,Rajdhani,0
47,27,Sleeper,Tatkal,Peak,Superfast,0
21,6,Sleeper,Tatkal,Off-peak,Superfast,0
29,38,1A,GN,Off-peak,Superfast,0
29,2,2A,Ladies,Off-peak,Superfast,0
41,3,Sleeper,Ladies,Off-peak,Superfast,0
33,43,3A,GN,Peak,Express,0
3,8,Sleeper,GN,Off-peak,Superfast,1
25,36,Sleeper,Ladies,Peak,Express,1
24,23,1A,GN,Peak,Superfast,0
26,20,2A,GN,Peak,Rajdhani,0
48,11,1A,Ladies,Off-peak,Rajdhani,0
17,16,1A,GN,Off-peak,Express,0
13,7,3A,GN,Off-peak,Shatabdi,1
58,45,1A,GN,Off-peak,Superfast,0
46,4,2A,Tatkal,Peak,Shatabdi,0
51,23,3A,GN,Peak,Shatabdi,0
16,31,Sleeper,Tatkal,Off-peak,Express,0
52,35,3A,Ladies,Peak,Rajdhani,0
20,25,1A,Ladies,Off-peak,Express,0
53,36,Sleeper,GN,Off-peak,Rajdhani,0
29,29,2A,GN,Peak,Shatabdi,0
28,32,Sleeper,GN,Peak,Superfast,1
11,10,2A,Ladies,Peak,Superfast,1
34,18,Sleeper,Tatkal,Peak,Superfast,0
9,40,2A,Ladies,Peak,Shatabdi,0
38,37,3A,GN,Off-peak,Rajdhani,0
53,1,Sleeper,GN,Off-peak,Shatabdi,0
50,36,1A,Ladies,Peak,Express,0
57,40,2A,Ladies,Off-peak,Express,0
16,43,1A,Tatkal,Off-peak,Rajdhani,0
45,3,3A,Tatkal,Off-peak,Express,0
30,13,2A,Ladies,Peak,Superfast,0
56,45,2A,Ladies,Off-peak,Express,0
9,23,Sleeper,Tatkal,Peak,Express,0
8,17,1A,GN,Peak,Rajdhani,0
4,18,1A,Ladies,Off-peak,Shatabdi,0
56,10,2A,Ladies,Off-peak,Shatabdi,0
49,10,1A,Ladies,Off-peak,Express,0
57,19,1A,GN,Peak,Express,0
33,29,3A,GN,Off-peak,Rajdhani,0
4,18,1A,Ladies,Off-peak,Superfast,1
35,0,Sleeper,Tatkal,Peak,Superfast,0
47,23,1A,Tatkal,Peak,Express,0
4,36,3A,Tatkal,Off-peak,Rajdhani,0
25,32,1A,Ladies,Off-peak,Rajdhani,0
9,6,1A,Tatkal,Off-peak,Superfast,0
49,9,3A,Ladies,Off-peak,Rajdhani,0
3,2,3A,Ladies,Off-peak,Express,1
34,29,3A,Ladies,Peak,Superfast,0
60,39,2A,GN,Off-peak,Superfast,0
38,21,1A,Ladies,Off-peak,Express,0
53,1,2A,Tatkal,Peak,Express,0
38,19,Sleeper,Ladies,Off-peak,Superfast,0
42,37,3A,Ladies,Peak,Express,0
11,33,1A,GN,Peak,Rajdhani,0
37,44,Sleeper,GN,Peak,Express,1
21,26,3A,Tatkal,Peak,Express,0
33,39,1A,Ladies,Peak,Shatabdi,0
34,13,2A,Ladies,Off-peak,Express,0
21,11,1A,Ladies,Off-peak,Superfast,0
44,43,2A,Ladies,Off-peak,Shatabdi,0
16,17,2A,GN,Off-peak,Superfast,0
46,13,1A,Tatkal,Off-peak,Superfast,0
36,17,2A,GN,Off-peak,Express,0
53,22,3A,Tatkal,Peak,Superfast,0
46,5,2A,Tatkal,Off-peak,Express,0
14,12,2A,Ladies,Off-peak,Shatabdi,0
7,39,3A,GN,Peak,Shatabdi,1
41,14,Sleeper,GN,Off-peak,Superfast,0
46,30,Sleeper,Ladies,Peak,Rajdhani,0
36,10,1A,Ladies,Off-peak,Express,0
42,12,2A,Tatkal,Off-peak,Rajdhani,0
59,5,3A,Ladies,Peak,Shatabdi,0
27,11,Sleeper,Tatkal,Off-peak,Shatabdi,0
60,18,Sleeper,GN,Off-peak,Rajdhani,0
60,21,2A,Tatkal,Off-peak,Shatabdi,0
55,32,1A,Tatkal,Peak,Rajdhani,0
22,10,1A,Ladies,Off-peak,Shatabdi,0
1,21,2A,Ladies,Peak,Shatabdi,1
40,40,1A,Tatkal,Off-peak,Rajdhani,0
26,42,Sleeper,GN,Peak,Express,1
21,15,Sleeper,Tatkal,Off-peak,Shatabdi,0
29,17,2A,Tatkal,Peak,Superfast,0
42,23,3A,GN,Peak,Express,0
20,10,1A,Ladies,Off-peak,Rajdhani,0
41,18,2A,Ladies,Peak,Shatabdi,0
9,30,3A,Tatkal,Off-peak,Express,1
45,35,1A,Ladies,Peak,Shatabdi,0
44,38,Sleeper,Ladies,Off-peak,Superfast,0
5,36,Sleeper,GN,Peak,Shatabdi,1
11,20,1A,GN,Peak,Express,0
6,32,1A,GN,Off-peak,Shatabdi,0
33,26,1A,Ladies,Peak,Express,0
44,19,Sleeper,Tatkal,Off-peak,Rajdhani,0
48,13,Sleeper,GN,Off-peak,Superfast,0
45,4,Sleeper,GN,Off-peak,Rajdhani,0
19,26,3A,GN,Off-peak,Superfast,1
58,24,1A,Tatkal,Off-peak,Rajdhani,0
44,42,3A,Ladies,Off-peak,Rajdhani,0
12,34,1A,Ladies,Peak,Shatabdi,0
54,0,Sleeper,Tatkal,Off-peak,Express,0
35,24,3A,GN,Off-peak,Superfast,0
10,17,3A,Ladies,Peak,Rajdhani,1
52,42,1A,Ladies,Peak,Shatabdi,0
14,4,Sleeper,Ladies,Peak,Express,1
39,43,Sleeper,GN,Peak,Express,0
29,14,3A,GN,Peak,Superfast,0
15,36,2A,Ladies,Off-peak,Shatabdi,0
20,9,3A,Tatkal,Off-peak,Superfast,0
4,35,3A,Ladies,Off-peak,Express,1
4,22,1A,Ladies,Off-peak,Express,0
27,9,2A,Tatkal,Peak,Express,0
16,14,2A,Ladies,Peak,Express,0
59,3,1A,Tatkal,Peak,Express,0
16,16,3A,Tatkal,Peak,Express,0
55,23,Sleeper,Ladies,Peak,Rajdhani,0
18,24,Sleeper,GN,Peak,Shatabdi,1
31,13,2A,Tatkal,Peak,Shatabdi,0
60,12,Sleeper,Ladies,Off-peak,Shatabdi,0
45,38,3A,Tatkal,Peak,Superfast,0
50,18,1A,Tatkal,Off-peak,Superfast,0
17,23,1A,Tatkal,Peak,Express,0
49,20,3A,Tatkal,Off-peak,Express,0
3,36,3A,Ladies,Peak,Rajdhani,1
17,35,1A,Tatkal,Peak,Shatabdi,0
22,14,1A,Ladies,Peak,Express,0
36,41,2A,Tatkal,Off-peak,Express,0
30,10,2A,GN,Peak,Express,0
12,34,Sleeper,Ladies,Peak,Rajdhani,0
53,42,Sleeper,GN,Off-peak,Shatabdi,0
54,40,3A,GN,Peak,Rajdhani,0
14,32,1A,Tatkal,Peak,Express,0
43,31,Sleeper,GN,Off-peak,Rajdhani,1
2,33,2A,Ladies,Off-peak,Rajdhani,1
33,44,1A,GN,Peak,Rajdhani,0
34,9,3A,GN,Off-peak,Superfast,1
18,25,Sleeper,Tatkal,Off-peak,Express,0
37,15,3A,Tatkal,Peak,Rajdhani,0
6,25,1A,Tatkal,Off-peak,Rajdhani,0
41,0,3A,GN,Off-peak,Express,0
42,21,Sleeper,Ladies,Peak,Shatabdi,0
14,44,1A,Tatkal,Peak,Rajdhani,0
44,17,Sleeper,GN,Off-peak,Rajdhani,0
14,37,3A,Ladies,Off-peak,Rajdhani,1
20,10,3A,Ladies,Off-peak,Superfast,1
25,8,Sleeper,Ladies,Off-peak,Rajdhani,1
7,27,3A,GN,Off-peak,Express,1
50,20,Sleeper,Ladies,Off-peak,Express,0
32,14,2A,Ladies,Off-peak,Express,0
12,43,1A,GN,Off-peak,Shatabdi,0
46,4,Sleeper,Tatkal,Peak,Express,0
46,40,3A,Ladies,Off-peak,Superfast,0
24,6,Sleeper,GN,Off-peak,Express,1
24,17,Sleeper,GN,Peak,Shatabdi,0
28,28,1A,GN,Peak,Rajdhani,0
23,35,Sleeper,Ladies,Off-peak,Express,1
1,18,1A,Tatkal,Peak,Shatabdi,0
37,33,3A,Ladies,Off-peak,Shatabdi,0
9,17,2A,Tatkal,Off-peak,Shatabdi,0
5,10,1A,Tatkal,Off-peak,Superfast,0
31,4,2A,Tatkal,Peak,Express,0
39,39,3A,Tatkal,Peak,Shatabdi,0
20,0,1A,Tatkal,Off-peak,Superfast,0
29,21,1A,Ladies,Peak,Superfast,0
21,38,3A,Tatkal,Off-peak,Shatabdi,0
26,20,2A,Ladies,Off-peak,Shatabdi,0
21,24,2A,Tatkal,Off-peak,Rajdhani,0
60,36,3A,Ladies,Peak,Rajdhani,0
47,29,3A,Tatkal,Off-peak,Rajdhani,0
53,26,1A,GN,Off-peak,Shatabdi,0
17,42,3A,Ladies,Off-peak,Express,0
5,28,1A,Ladies,Off-peak,Express,0
35,2,2A,Ladies,Peak,Rajdhani,0
50,15,2A,GN,Peak,Express,0
49,21,1A,GN,Peak,Rajdhani,0
17,14,3A,Tatkal,Off-peak,Express,0
30,43,3A,Tatkal,Peak,Express,0
7,18,1A,GN,Peak,Shatabdi,1
23,19,2A,Tatkal,Peak,Express,0
23,30,Sleeper,Tatkal,Off-peak,Superfast,0
5,19,Sleeper,Ladies,Peak,Rajdhani,1
55,21,Sleeper,Ladies,Peak,Shatabdi,0
34,11,3A,Tatkal,Off-peak,Express,0
15,25,3A,GN,Off-peak,Express,1
2,39,3A,Tatkal,Off-peak,Express,0
1,45,3A,GN,Off-peak,Rajdhani,1
37,6,3A,Tatkal,Off-peak,Shatabdi,0
30,7,2A,Ladies,Off-peak,Superfast,0
39,24,1A,Ladies,Peak,Superfast,0
23,29,3A,Ladies,Off-peak,Rajdhani,0
44,8,2A,GN,Peak,Superfast,0
8,11,2A,Ladies,Peak,Express,1
27,38,3A,Ladies,Off-peak,Express,0
12,31,3A,Ladies,Peak,Express,1
19,8,3A,Tatkal,Off-peak,Rajdhani,0
56,22,Sleeper,Tatkal,Peak,Shatabdi,0
53,24,1A,Tatkal,Off-peak,Express,0
46,28,1A,GN,Peak,Rajdhani,0
51,14,2A,GN,Off-peak,Shatabdi,0
35,18,3A,Tatkal,Off-peak,Rajdhani,0
37,7,2A,Ladies,Off-peak,Rajdhani,0
49,28,3A,Tatkal,Peak,Shatabdi,0
20,2,1A,Tatkal,Off-peak,Rajdhani,0
29,7,3A,GN,Off-peak,Express,0
11,39,3A,GN,Peak,Rajdhani,1
37,22,2A,Ladies,Peak,Superfast,0
46,18,2A,Ladies,Off-peak,Rajdhani,0
9,26,Sleeper,Tatkal,Peak,Shatabdi,0
16,9,2A,GN,Off-peak,Express,0
10,36,2A,Ladies,Off-peak,Express,1
29,4,Sleeper,Tatkal,Off-peak,Superfast,0
30,31,2A,Ladies,Peak,Rajdhani,0
47,29,2A,GN,Off-peak,Shatabdi,0
28,13,1A,Tatkal,Off-peak,Superfast,0
22,35,3A,Ladies,Off-peak,Superfast,1
58,43,Sleeper,GN,Peak,Express,0
2,7,3A,Tatkal,Off-peak,Rajdhani,0
28,12,3A,Ladies,Off-peak,Shatabdi,0
56,17,Sleeper,Ladies,Off-peak,Superfast,0
6,23,3A,GN,Off-peak,Superfast,1
47,44,3A,Tatkal,Peak,Rajdhani,0
1,13,1A,GN,Peak,Shatabdi,1
34,43,1A,GN,Peak,Superfast,0
53,7,1A,Ladies,Peak,Express,0
5,14,1A,GN,Peak,Rajdhani,0
21,23,2A,GN,Off-peak,Shatabdi,0
42,43,3A,GN,Peak,Shatabdi,0
29,22,3A,Ladies,Peak,Express,0
40,43,1A,GN,Peak,Rajdhani,0
9,7,1A,Tatkal,Off-peak,Superfast,0
51,8,3A,Tatkal,Peak,Shatabdi,0
36,38,2A,Ladies,Peak,Superfast,0
14,33,3A,Ladies,Off-peak,Superfast,1
42,3,3A,Tatkal,Off-peak,Rajdhani,0
16,31,Sleeper,Ladies,Peak,Superfast,1
60,20,3A,Tatkal,Off-peak,Superfast,0
35,43,3A,Tatkal,Peak,Rajdhani,0
38,4,Sleeper,Tatkal,Peak,Rajdhani,0
60,3,1A,Ladies,Off-peak,Express,0
28,44,1A,GN,Peak,Superfast,0
6,19,Sleeper,Ladies,Peak,Shatabdi,1
35,20,1A,Ladies,Peak,Superfast,0
45,27,3A,GN,Peak,Rajdhani,0
60,27,Sleeper,Tatkal,Peak,Superfast,0
43,42,3A,GN,Peak,Shatabdi,0
45,0,3A,Tatkal,Off-peak,Superfast,0
11,23,3A,Ladies,Off-peak,Rajdhani,1
50,1,2A,Tatkal,Off-peak,Rajdhani,0
17,45,Sleeper,Tatkal,Off-peak,Superfast,0
4,31,3A,Tatkal,Peak,Superfast,0
50,6,Sleeper,GN,Peak,Rajdhani,0
55,0,3A,GN,Off-peak,Superfast,0
25,9,3A,GN,Off-peak,Shatabdi,0
21,15,1A,Ladies,Off-peak,Superfast,0
53,4,2A,GN,Peak,Shatabdi,0
15,33,Sleeper,Tatkal,Peak,Express,0
56,18,2A,Tatkal,Peak,Express,0
1,23,3A,Tatkal,Off-peak,Shatabdi,1
30,23,1A,GN,Peak,Shatabdi,0
1,26,Sleeper,GN,Off-peak,Rajdhani,1
22,0,1A,Ladies,Off-peak,Rajdhani,0
14,33,3A,Tatkal,Off-peak,Rajdhani,0
10,45,2A,GN,Peak,Shatabdi,0
58,33,1A,Ladies,Off-peak,Express,0
48,5,Sleeper,Ladies,Peak,Express,0
5,37,Sleeper,Tatkal,Peak,Shatabdi,0
19,16,2A,Tatkal,Off-peak,Superfast,0
29,17,3A,GN,Peak,Shatabdi,0
50,37,Sleeper,GN,Peak,Shatabdi,0
29,29,2A,Tatkal,Peak,Superfast,0
50,13,1A,Tatkal,Off-peak,Superfast,0
55,7,Sleeper,GN,Off-peak,Rajdhani,0
14,20,3A,GN,Peak,Superfast,1
26,32,Sleeper,Ladies,Off-peak,Superfast,1
53,11,Sleeper,Tatkal,Off-peak,Shatabdi,0
7,29,Sleeper,GN,Peak,Rajdhani,1
4,14,3A,GN,Off-peak,Superfast,1
44,40,Sleeper,Ladies,Off-peak,Rajdhani,0
2,4,3A,Ladies,Off-peak,Shatabdi,1
6,21,Sleeper,GN,Off-peak,Rajdhani,1
11,36,1A,Ladies,Off-peak,Express,0
2,24,1A,GN,Off-peak,Shatabdi,1
59,11,2A,Tatkal,Off-peak,Shatabdi,0
3,39,3A,Ladies,Off-peak,Express,1
27,35,1A,GN,Peak,Superfast,0
25,8,1A,GN,Peak,Rajdhani,0
25,45,2A,Tatkal,Off-peak,Superfast,0
59,36,2A,Tatkal,Off-peak,Shatabdi,0
2,20,3A,GN,Off-peak,Rajdhani,1
52,30,2A,Ladies,Peak,Shatabdi,0
7,15,3A,Tatkal,Peak,Shatabdi,0
37,24,2A,GN,Peak,Shatabdi,0
38,20,2A,Ladies,Peak,Superfast,0
37,36,3A,Ladies,Peak,Express,0
35,19,3A,Tatkal,Peak,Rajdhani,0
4,14,3A,GN,Off-peak,Rajdhani,1
22,39,3A,GN,Off-peak,Shatabdi,0
59,20,Sleeper,GN,Peak,Shatabdi,0
50,7,2A,GN,Off-peak,Express,0
38,6,2A,Tatkal,Off-peak,Shatabdi,0
11,27,1A,Ladies,Off-peak,Shatabdi,0
46,35,2A,GN,Peak,Express,0
20,44,2A,GN,Peak,Rajdhani,0
45,36,1A,Ladies,Peak,Shatabdi,0
39,20,3A,Ladies,Peak,Express,0
10,21,Sleeper,GN,Off-peak,Superfast,1
11,40,Sleeper,Ladies,Off-peak,Express,1
1,16,3A,GN,Peak,Superfast,1
17,6,Sleeper,GN,Off-peak,Express,1
47,26,3A,Tatkal,Off-peak,Express,0
23,34,1A,GN,Off-peak,Shatabdi,0
11,28,Sleeper,GN,Off-peak,Rajdhani,1
21,16,Sleeper,GN,Off-peak,Shatabdi,1
57,24,3A,Ladies,Peak,Rajdhani,0
22,38,1A,Ladies,Peak,Express,0
42,10,1A,GN,Peak,Rajdhani,0
22,13,3A,Tatkal,Off-peak,Superfast,0
20,15,Sleeper,GN,Off-peak,Express,1
10,3,2A,GN,Off-peak,Rajdhani,0
19,42,1A,GN,Peak,Rajdhani,0
14,10,2A,GN,Off-peak,Rajdhani,0
20,25,1A,Tatkal,Off-peak,Rajdhani,0
42,34,1A,GN,Off-peak,Express,0
24,11,1A,GN,Off-peak,Express,0
30,16,3A,Tatkal,Peak,Shatabdi,0
49,44,Sleeper,GN,Off-peak,Express,0
49,37,3A,Ladies,Peak,Express,0
53,33,1A,Ladies,Off-peak,Shatabdi,0
31,19,Sleeper,Tatkal,Peak,Shatabdi,0
8,28,3A,GN,Peak,Shatabdi,1
9,2,1A,GN,Off-peak,Shatabdi,0
53,40,3A,Ladies,Off-peak,Superfast,0
59,4,Sleeper,Tatkal,Off-peak,Superfast,0
55,17,1A,GN,Off-peak,Rajdhani,0
27,9,3A,Ladies,Peak,Rajdhani,0
37,6,2A,Ladies,Off-peak,Express,0
17,24,1A,Ladies,Off-peak,Rajdhani,0
12,17,1A,GN,Off-peak,Rajdhani,0
26,21,3A,GN,Off-peak,Superfast,0
58,23,Sleeper,Tatkal,Off-peak,Superfast,0
18,31,Sleeper,GN,Peak,Superfast,1
48,28,2A,Tatkal,Off-peak,Rajdhani,0
13,28,3A,Tatkal,Off-peak,Superfast,0
53,3,3A,GN,Off-peak,Express,0
9,33,Sleeper,GN,Peak,Shatabdi,1
54,3,3A,GN,Off-peak,Rajdhani,0
59,23,3A,Tatkal,Off-peak,Express,0
33,25,Sleeper,Ladies,Peak,Shatabdi,0
24,31,1A,GN,Off-peak,Superfast,0
23,10,2A,Ladies,Peak,Superfast,0
2,24,Sleeper,GN,Peak,Shatabdi,1
42,14,3A,Tatkal,Off-peak,Rajdhani,0
56,43,Sleeper,Tatkal,Peak,Shatabdi,0
39,0,3A,Tatkal,Off-peak,Superfast,0
28,24,2A,Tatkal,Off-peak,Shatabdi,0
30,19,1A,Ladies,Peak,Rajdhani,0
33,42,2A,Ladies,Off-peak,Superfast,0
44,6,1A,GN,Off-peak,Superfast,0
41,20,2A,Tatkal,Off-peak,Shatabdi,0
10,33,3A,GN,Off-peak,Superfast,1
44,8,Sleeper,Ladies,Off-peak,Superfast,0
17,26,1A,Tatkal,Peak,Shatabdi,0
22,45,3A,Ladies,Off-peak,Superfast,0
33,19,3A,Ladies,Peak,Superfast,0
7,30,3A,Ladies,Off-peak,Shatabdi,1
44,21,Sleeper,GN,Off-peak,Shatabdi,0
48,19,1A,Tatkal,Off-peak,Superfast,0
38,18,1A,GN,Off-peak,Rajdhani,0
56,40,Sleeper,Tatkal,Peak,Rajdhani,0
56,43,1A,Ladies,Off-peak,Express,0
4,9,3A,GN,Off-peak,Express,1
37,29,3A,Tatkal,Peak,Rajdhani,0
32,21,3A,Tatkal,Peak,Rajdhani,0
29,17,3A,GN,Peak,Express,0
51,5,3A,Ladies,Off-peak,Express,0
26,27,1A,Tatkal,Peak,Rajdhani,0
35,12,2A,GN,Off-peak,Shatabdi,0
2,43,Sleeper,Ladies,Peak,Shatabdi,1
45,22,2A,GN,Peak,Express,0
33,37,2A,GN,Peak,Rajdhani,0
20,18,1A,Ladies,Off-peak,Express,0
57,43,3A,Tatkal,Off-peak,Superfast,0
49,12,3A,Tatkal,Peak,Shatabdi,0
15,8,3A,Ladies,Peak,Shatabdi,0
8,23,Sleeper,Tatkal,Off-peak,Rajdhani,0
39,3,Sleeper,Ladies,Peak,Rajdhani,0
45,7,1A,Tatkal,Off-peak,Rajdhani,0
36,16,1A,Ladies,Peak,Shatabdi,0
45,43,Sleeper,Tatkal,Off-peak,Rajdhani,0
43,33,2A,Ladies,Peak,Express,0
54,6,Sleeper,Tatkal,Peak,Rajdhani,0
32,12,3A,Tatkal,Peak,Superfast,0
46,26,2A,GN,Peak,Express,0
59,13,1A,Tatkal,Peak,Rajdhani,0
1,42,Sleeper,GN,Off-peak,Shatabdi,1
6,32,Sleeper,Ladies,Peak,Superfast,1
42,14,1A,Tatkal,Off-peak,Express,0
4,6,3A,GN,Off-peak,Superfast,1
52,43,2A,Tatkal,Peak,Rajdhani,0
55,2,Sleeper,GN,Peak,Superfast,0
23,28,2A,Ladies,Peak,Superfast,0
53,21,3A,GN,Off-peak,Express,0
30,17,1A,Ladies,Off-peak,Express,0
42,10,Sleeper,GN,Peak,Shatabdi,0
7,26,1A,Ladies,Off-peak,Shatabdi,0
40,24,2A,Ladies,Peak,Shatabdi,0
31,31,Sleeper,Tatkal,Off-peak,Rajdhani,0
5,16,2A,GN,Peak,Superfast,1
34,33,Sleeper,Tatkal,Peak,Express,0
23,42,1A,GN,Peak,Rajdhani,0
42,10,1A,Tatkal,Peak,Rajdhani,0
49,31,2A,GN,Off-peak,Superfast,0
4,32,3A,Ladies,Off-peak,Express,1
53,15,Sleeper,Tatkal,Off-peak,Express,0
6,31,1A,Tatkal,Peak,Express,0
48,41,Sleeper,GN,Off-peak,Express,1
3,35,Sleeper,GN,Off-peak,Shatabdi,1
42,42,1A,Tatkal,Off-peak,Rajdhani,0
53,14,1A,Tatkal,Off-peak,Superfast,0
46,28,Sleeper,GN,Peak,Rajdhani,0
22,22,2A,Ladies,Off-peak,Rajdhani,0
3,10,1A,GN,Off-peak,Rajdhani,1
17,39,3A,GN,Peak,Express,1
14,29,3A,Ladies,Off-peak,Rajdhani,1
49,26,Sleeper,Ladies,Peak,Express,0
30,42,3A,Tatkal,Peak,Rajdhani,0
36,27,1A,Ladies,Peak,Shatabdi,0
47,8,Sleeper,Tatkal,Off-peak,Express,0
27,38,3A,Tatkal,Off-peak,Superfast,0
19,28,3A,GN,Off-peak,Superfast,1
54,44,2A,Ladies,Peak,Shatabdi,0
14,39,2A,Ladies,Off-peak,Shatabdi,0
46,41,3A,Ladies,Off-peak,Rajdhani,0
49,22,1A,Ladies,Off-peak,Superfast,0
57,27,Sleeper,Ladies,Peak,Rajdhani,0
25,9,Sleeper,Ladies,Peak,Shatabdi,0
18,10,2A,Ladies,Off-peak,Shatabdi,0
54,3,2A,GN,Peak,Superfast,0
53,28,Sleeper,Ladies,Peak,Express,0
16,32,2A,Ladies,Peak,Express,0
25,26,2A,Ladies,Peak,Rajdhani,0
48,16,3A,Ladies,Off-peak,Shatabdi,0
59,40,2A,Ladies,Peak,Shatabdi,0
19,28,3A,Ladies,Peak,Shatabdi,0
12,32,Sleeper,Tatkal,Peak,Express,0
18,35,2A,GN,Peak,Superfast,0
1,21,1A,Ladies,Peak,Rajdhani,1
10,20,Sleeper,Ladies,Off-peak,Express,1
51,36,2A,GN,Off-peak,Shatabdi,0
12,33,Sleeper,Ladies,Peak,Express,1
35,34,1A,GN,Off-peak,Shatabdi,0
57,13,2A,Tatkal,Off-peak,Superfast,0
14,39,1A,Ladies,Peak,Rajdhani,0
43,22,1A,GN,Peak,Rajdhani,0
44,20,1A,GN,Off-peak,Superfast,0
35,18,Sleeper,Ladies,Off-peak,Express,1
32,2,2A,Ladies,Peak,Superfast,0
33,5,Sleeper,GN,Peak,Rajdhani,0
14,42,3A,Ladies,Off-peak,Rajdhani,1
14,34,1A,Ladies,Peak,Shatabdi,0
2,29,2A,GN,Peak,Rajdhani,1
4,11,2A,Ladies,Peak,Shatabdi,1
59,16,1A,Tatkal,Off-peak,Express,0
28,20,Sleeper,Tatkal,Peak,Rajdhani,0
42,39,Sleeper,Ladies,Peak,Rajdhani,0
23,32,Sleeper,Tatkal,Off-peak,Rajdhani,0
19,28,1A,Tatkal,Peak,Express,0
11,34,3A,GN,Off-peak,Superfast,1
41,9,2A,Ladies,Off-peak,Rajdhani,0
36,35,3A,GN,Peak,Rajdhani,0
37,38,1A,Ladies,Peak,Superfast,0
14,22,3A,Tatkal,Peak,Shatabdi,0
12,14,2A,GN,Peak,Shatabdi,0
43,36,Sleeper,Ladies,Off-peak,Rajdhani,0
19,42,Sleeper,Tatkal,Peak,Shatabdi,0
47,37,1A,Tatkal,Off-peak,Shatabdi,0
43,41,3A,GN,Off-peak,Rajdhani,0
58,12,2A,Tatkal,Off-peak,Superfast,0
40,42,2A,Ladies,Peak,Superfast,0
52,20,1A,GN,Peak,Superfast,0
16,14,1A,Tatkal,Off-peak,Shatabdi,0
44,21,1A,Tatkal,Off-peak,Superfast,0
50,19,1A,Ladies,Peak,Shatabdi,0
42,38,Sleeper,Tatkal,Peak,Shatabdi,0
17,40,Sleeper,Ladies,Peak,Rajdhani,1
55,32,Sleeper,Ladies,Off-peak,Shatabdi,0
59,2,2A,Ladies,Off-peak,Shatabdi,0
24,25,3A,Ladies,Off-peak,Shatabdi,0
30,32,Sleeper,Tatkal,Off-peak,Rajdhani,0
43,15,3A,Ladies,Peak,Express,0
11,11,3A,Ladies,Off-peak,Superfast,1
3,14,1A,GN,Peak,Superfast,1
24,14,Sleeper,Ladies,Peak,Superfast,0
25,30,1A,GN,Peak,Superfast,0
7,45,2A,Ladies,Off-peak,Shatabdi,1
25,41,1A,Tatkal,Peak,Superfast,0
25,14,1A,Tatkal,Off-peak,Express,0
51,30,Sleeper,Ladies,Peak,Express,0
11,14,Sleeper,Ladies,Off-peak,Shatabdi,1
10,11,3A,Tatkal,Peak,Shatabdi,0
27,21,Sleeper,Tatkal,Off-peak,Express,0
14,37,3A,Ladies,Off-peak,Rajdhani,1
16,2,3A,Ladies,Peak,Shatabdi,0
41,32,Sleeper,Ladies,Peak,Rajdhani,0
11,16,3A,Ladies,Off-peak,Rajdhani,1
57,42,2A,GN,Peak,Express,0
39,30,1A,GN,Peak,Express,0
39,9,3A,Ladies,Off-peak,Shatabdi,0
47,43,2A,Tatkal,Peak,Shatabdi,0
25,24,3A,GN,Peak,Shatabdi,0
34,32,1A,GN,Peak,Shatabdi,0
31,39,Sleeper,Ladies,Peak,Rajdhani,1
31,42,3A,Ladies,Peak,Express,0
34,26,2A,GN,Off-peak,Shatabdi,0
52,30,1A,Tatkal,Peak,Express,0
9,16,1A,GN,Peak,Superfast,0
39,34,1A,Tatkal,Peak,Rajdhani,0
46,0,Sleeper,Ladies,Peak,Express,0
42,13,2A,Tatkal,Off-peak,Rajdhani,0
10,27,2A,Tatkal,Off-peak,Superfast,0
40,17,1A,GN,Off-peak,Express,0
12,23,1A,Tatkal,Off-peak,Superfast,0
50,45,1A,Ladies,Peak,Rajdhani,0
48,14,1A,Ladies,Peak,Rajdhani,0
14,32,1A,Tatkal,Peak,Shatabdi,0
25,40,Sleeper,GN,Peak,Express,1
60,38,1A,GN,Peak,Superfast,0
15,23,Sleeper,Ladies,Peak,Express,1
60,25,2A,Ladies,Peak,Shatabdi,0
41,31,1A,GN,Peak,Superfast,0
13,2,3A,Ladies,Peak,Rajdhani,0
24,15,Sleeper,GN,Peak,Superfast,1
50,25,2A,Ladies,Off-peak,Express,0
38,12,Sleeper,Ladies,Peak,Rajdhani,0
36,18,2A,Tatkal,Off-peak,Shatabdi,0
39,12,1A,Tatkal,Peak,Superfast,0
12,26,Sleeper,Ladies,Peak,Superfast,1
22,7,2A,Ladies,Off-peak,Express,0
25,36,1A,GN,Off-peak,Express,0
44,29,Sleeper,Tatkal,Peak,Superfast,0
5,24,3A,Ladies,Peak,Superfast,1
27,22,Sleeper,Ladies,Off-peak,Shatabdi,0
19,5,1A,Ladies,Off-peak,Rajdhani,0
36,11,1A,Tatkal,Off-peak,Shatabdi,0
58,36,2A,GN,Peak,Express,0
48,12,3A,Ladies,Peak,Superfast,0
14,14,3A,GN,Off-peak,Shatabdi,1
50,6,Sleeper,GN,Off-peak,Rajdhani,0
49,34,Sleeper,Tatkal,Off-peak,Superfast,0
32,36,2A,Tatkal,Peak,Superfast,0
26,14,3A,GN,Off-peak,Express,1
35,2,2A,Tatkal,Peak,Express,0
8,44,1A,Tatkal,Peak,Rajdhani,0
44,13,1A,Ladies,Peak,Superfast,0
24,39,2A,GN,Off-peak,Shatabdi,0
18,30,2A,Tatkal,Peak,Express,0
28,13,1A,Ladies,Off-peak,Superfast,0
55,25,2A,Tatkal,Peak,Shatabdi,0
37,43,3A,GN,Off-peak,Shatabdi,0
36,27,1A,GN,Peak,Shatabdi,0
31,0,3A,Tatkal,Off-peak,Shatabdi,0
58,40,2A,Tatkal,Off-peak,Superfast,0
36,36,Sleeper,Tatkal,Peak,Shatabdi,0
4,13,2A,Tatkal,Peak,Express,0
48,21,2A,Tatkal,Off-peak,Superfast,0
23,1,1A,GN,Off-peak,Shatabdi,0
37,36,3A,Tatkal,Off-peak,Superfast,0
44,32,1A,Ladies,Off-peak,Rajdhani,0
25,39,2A,Tatkal,Peak,Shatabdi,0
41,21,1A,Ladies,Off-peak,Rajdhani,0
6,10,2A,GN,Off-peak,Superfast,1
42,18,2A,Ladies,Off-peak,Superfast,0
57,28,2A,Ladies,Off-peak,Express,0
11,11,Sleeper,GN,Peak,Superfast,1
48,44,Sleeper,GN,Peak,Express,1
7,6,Sleeper,Tatkal,Peak,Rajdhani,0
50,25,Sleeper,GN,Off-peak,Shatabdi,0
6,41,1A,Tatkal,Peak,Shatabdi,0
48,18,1A,Ladies,Peak,Shatabdi,0
34,10,Sleeper,GN,Off-peak,Superfast,1
56,30,1A,Ladies,Off-peak,Express,0
9,44,3A,Ladies,Off-peak,Express,1
34,40,2A,Tatkal,Off-peak,Shatabdi,0
52,5,1A,Tatkal,Off-peak,Express,0
17,9,2A,GN,Peak,Shatabdi,0
23,18,1A,Ladies,Peak,Express,0
49,30,2A,GN,Off-peak,Superfast,0
39,14,Sleeper,Ladies,Off-peak,Shatabdi,0
27,35,1A,Tatkal,Peak,Shatabdi,0
46,41,1A,Tatkal,Peak,Superfast,0
6,27,3A,Ladies,Off-peak,Superfast,1
42,34,2A,Tatkal,Peak,Rajdhani,0
12,8,2A,GN,Off-peak,Express,1
18,44,1A,GN,Off-peak,Rajdhani,0
10,3,Sleeper,GN,Peak,Superfast,1
18,8,1A,Ladies,Peak,Shatabdi,0
6,9,Sleeper,Tatkal,Peak,Superfast,0
27,19,1A,Tatkal,Off-peak,Rajdhani,0
22,5,3A,GN,Off-peak,Express,0
5,34,1A,GN,Peak,Superfast,0
53,24,Sleeper,GN,Peak,Express,0
50,28,3A,Ladies,Peak,Shatabdi,0
30,6,3A,Tatkal,Off-peak,Superfast,0
60,20,3A,Ladies,Peak,Rajdhani,0
17,30,2A,GN,Off-peak,Rajdhani,0
56,42,3A,GN,Peak,Express,0
21,0,3A,Tatkal,Peak,Express,0
51,15,Sleeper,GN,Off-peak,Shatabdi,0
24,5,3A,GN,Off-peak,Rajdhani,1
44,39,2A,Ladies,Peak,Rajdhani,0
23,41,3A,Ladies,Peak,Shatabdi,0
32,14,2A,Ladies,Off-peak,Express,0
47,12,Sleeper,Ladies,Off-peak,Superfast,1
47,8,2A,GN,Off-peak,Express,0
36,18,1A,GN,Peak,Superfast,0
21,29,2A,Ladies,Peak,Rajdhani,0
34,9,1A,Tatkal,Off-peak,Superfast,0
30,0,1A,Ladies,Peak,Rajdhani,0
40,23,3A,Tatkal,Peak,Express,0
13,33,1A,Ladies,Peak,Superfast,0
21,26,2A,GN,Peak,Rajdhani,0
3,8,3A,GN,Peak,Rajdhani,1
32,12,Sleeper,GN,Off-peak,Express,1
34,39,2A,GN,Off-peak,Shatabdi,0
39,45,Sleeper,GN,Peak,Express,0
60,5,1A,Ladies,Peak,Superfast,0
36,26,2A,Ladies,Peak,Superfast,0
34,2,Sleeper,Tatkal,Peak,Shatabdi,0
34,6,Sleeper,Ladies,Peak,Express,0
13,12,3A,Ladies,Peak,Express,1
48,6,2A,Ladies,Off-peak,Express,0
57,6,3A,GN,Off-peak,Superfast,0
43,10,1A,Tatkal,Off-peak,Superfast,0
55,23,1A,Ladies,Off-peak,Superfast,0
39,15,3A,Tatkal,Off-peak,Superfast,0
29,28,1A,GN,Peak,Superfast,0
39,1,3A,Tatkal,Peak,Superfast,0
15,13,2A,GN,Off-peak,Shatabdi,0
7,2,1A,Tatkal,Peak,Shatabdi,0
17,23,3A,GN,Off-peak,Superfast,1
6,36,1A,Ladies,Peak,Rajdhani,0
47,20,1A,GN,Off-peak,Rajdhani,0
39,41,2A,GN,Off-peak,Rajdhani,0
50,3,2A,Tatkal,Off-peak,Express,0
60,7,3A,Ladies,Peak,Express,0
4,19,Sleeper,Tatkal,Peak,Superfast,0
33,44,3A,GN,Peak,Express,0
29,38,Sleeper,GN,Off-peak,Superfast,1
51,25,3A,GN,Off-peak,Rajdhani,0
31,36,Sleeper,Ladies,Off-peak,Superfast,1
6,25,1A,Ladies,Peak,Shatabdi,0
31,35,3A,Tatkal,Off-peak,Shatabdi,0
36,39,3A,GN,Peak,Superfast,0
50,27,2A,Ladies,Peak,Rajdhani,0
43,26,1A,Tatkal,Off-peak,Shatabdi,0
21,22,Sleeper,Tatkal,Peak,Superfast,0
40,28,3A,Tatkal,Peak,Shatabdi,0
13,43,2A,GN,Peak,Rajdhani,0
48,3,3A,Ladies,Peak,Superfast,0
1,21,Sleeper,Tatkal,Off-peak,Express,1
2,21,3A,Ladies,Peak,Shatabdi,1
35,33,2A,Ladies,Off-peak,Shatabdi,0
45,44,Sleeper,Tatkal,Peak,Superfast,0
11,3,2A,GN,Off-peak,Rajdhani,0
30,41,Sleeper,GN,Off-peak,Superfast,1
43,42,2A,GN,Peak,Superfast,0
56,41,1A,GN,Off-peak,Rajdhani,0
58,20,1A,Ladies,Peak,Shatabdi,0
13,32,1A,Ladies,Peak,Rajdhani,0
16,33,2A,Tatkal,Off-peak,Express,0
48,10,Sleeper,Tatkal,Off-peak,Superfast,0
41,19,3A,Ladies,Off-peak,Rajdhani,0
41,16,1A,GN,Off-peak,Shatabdi,0
10,21,1A,Ladies,Peak,Rajdhani,0
47,24,3A,Tatkal,Peak,Shatabdi,0
28,19,2A,Tatkal,Peak,Shatabdi,0
42,8,3A,GN,Off-peak,Shatabdi,0
28,9,3A,Tatkal,Peak,Rajdhani,0
12,20,3A,Ladies,Peak,Superfast,1
57,26,1A,Tatkal,Off-peak,Superfast,0
10,12,Sleeper,GN,Peak,Rajdhani,1
49,39,2A,Ladies,Peak,Shatabdi,0
15,43,Sleeper,Tatkal,Peak,Express,0
9,32,1A,Ladies,Off-peak,Shatabdi,0
55,24,1A,Tatkal,Peak,Shatabdi,0
13,14,Sleeper,Tatkal,Peak,Superfast,0
27,14,3A,GN,Peak,Shatabdi,0
60,28,1A,Ladies,Off-peak,Express,0
57,15,1A,Tatkal,Peak,Express,0
47,20,1A,Ladies,Peak,Rajdhani,0
29,29,Sleeper,GN,Off-peak,Rajdhani,0
36,24,Sleeper,GN,Off-peak,Express,1
26,19,2A,Tatkal,Peak,Express,0
19,39,Sleeper,Ladies,Peak,Express,1
54,41,1A,GN,Peak,Shatabdi,0
50,37,3A,Tatkal,Off-peak,Superfast,0
29,1,3A,Tatkal,Peak,Express,0
6,16,2A,Ladies,Peak,Rajdhani,0
6,7,1A,Ladies,Off-peak,Rajdhani,0
34,45,1A,Ladies,Peak,Express,0
36,24,Sleeper,GN,Off-peak,Shatabdi,1
11,9,3A,Ladies,Peak,Express,1
20,19,1A,Tatkal,Peak,Rajdhani,0
58,8,3A,GN,Off-peak,Rajdhani,0
30,31,1A,Ladies,Peak,Express,0
16,13,1A,Tatkal,Off-peak,Express,0
6,38,Sleeper,GN,Off-peak,Shatabdi,1
4,11,3A,GN,Off-peak,Rajdhani,1
10,2,2A,Tatkal,Peak,Rajdhani,0
7,26,3A,GN,Off-peak,Shatabdi,1
30,37,2A,GN,Peak,Superfast,0
21,23,1A,GN,Off-peak,Rajdhani,0
19,30,3A,GN,Off-peak,Superfast,1
34,26,3A,Ladies,Peak,Rajdhani,0
7,36,Sleeper,Tatkal,Off-peak,Express,1
39,20,2A,Ladies,Off-peak,Shatabdi,0
40,36,1A,Ladies,Off-peak,Express,0
52,11,3A,Ladies,Off-peak,Shatabdi,0
1,7,Sleeper,Tatkal,Peak,Shatabdi,0
52,39,1A,Tatkal,Peak,Superfast,0
23,35,3A,GN,Peak,Superfast,0
17,4,2A,Tatkal,Off-peak,Rajdhani,0
8,43,2A,Tatkal,Off-peak,Rajdhani,0
54,11,3A,Tatkal,Off-peak,Express,0
59,30,Sleeper,Ladies,Peak,Express,0
10,40,1A,Ladies,Off-peak,Express,0
51,26,Sleeper,Ladies,Off-peak,Superfast,0
36,34,Sleeper,GN,Off-peak,Superfast,1
5,9,2A,GN,Off-peak,Express,1
41,34,3A,Ladies,Off-peak,Shatabdi,0
39,7,2A,Ladies,Off-peak,Rajdhani,0
18,26,Sleeper,Tatkal,Peak,Superfast,0
29,19,3A,Ladies,Off-peak,Shatabdi,0
8,23,Sleeper,GN,Peak,Express,1
33,1,1A,Ladies,Peak,Shatabdi,0
22,30,2A,Tatkal,Peak,Rajdhani,0
53,33,3A,GN,Peak,Express,0
25,45,Sleeper,GN,Off-peak,Rajdhani,1
44,38,Sleeper,Tatkal,Off-peak,Rajdhani,0
7,33,2A,GN,Off-peak,Shatabdi,1
21,12,3A,Tatkal,Off-peak,Superfast,0
50,28,Sleeper,Tatkal,Peak,Shatabdi,0
18,7,Sleeper,Ladies,Peak,Shatabdi,0
35,22,2A,Tatkal,Peak,Superfast,0
37,15,3A,GN,Off-peak,Superfast,0
35,28,Sleeper,GN,Peak,Express,1
58,43,Sleeper,GN,Off-peak,Rajdhani,0
6,27,1A,GN,Off-peak,Superfast,1
20,21,3A,Ladies,Peak,Express,1
37,8,Sleeper,Ladies,Off-peak,Rajdhani,0
30,19,1A,Tatkal,Peak,Shatabdi,0
10,39,2A,Tatkal,Off-peak,Shatabdi,0
45,42,2A,Tatkal,Off-peak,Express,0
2,4,1A,GN,Off-peak,Express,1
30,10,2A,Tatkal,Peak,Rajdhani,0
26,45,Sleeper,Tatkal,Peak,Superfast,0
35,29,1A,Ladies,Off-peak,Shatabdi,0
40,15,3A,Tatkal,Off-peak,Rajdhani,0
22,13,1A,Tatkal,Off-peak,Shatabdi,0
12,42,Sleeper,Ladies,Off-peak,Rajdhani,1
38,38,1A,Tatkal,Peak,Express,0
12,19,1A,GN,Peak,Express,0
21,31,Sleeper,GN,Peak,Shatabdi,0
57,37,Sleeper,GN,Peak,Express,0
35,18,1A,Ladies,Off-peak,Shatabdi,0
14,43,2A,Tatkal,Off-peak,Express,0
46,22,Sleeper,Ladies,Peak,Express,0
55,8,2A,GN,Off-peak,Rajdhani,0
1,45,2A,GN,Off-peak,Rajdhani,1
16,27,1A,Ladies,Off-peak,Express,0
26,24,1A,Ladies,Peak,Shatabdi,0
31,8,3A,Ladies,Off-peak,Superfast,0
54,26,3A,Tatkal,Peak,Shatabdi,0
1,4,Sleeper,GN,Off-peak,Express,1
9,5,3A,Ladies,Off-peak,Express,1
58,44,1A,Ladies,Peak,Express,0
33,27,1A,Tatkal,Off-peak,Shatabdi,0
12,27,Sleeper,Ladies,Off-peak,Shatabdi,1
46,32,2A,Tatkal,Off-peak,Rajdhani,0
3,36,1A,Ladies,Off-peak,Rajdhani,1
38,30,Sleeper,GN,Off-peak,Express,1
34,5,Sleeper,GN,Off-peak,Rajdhani,0
44,40,2A,Ladies,Peak,Superfast,0
35,0,1A,Tatkal,Off-peak,Superfast,0
27,22,2A,Tatkal,Peak,Rajdhani,0
45,38,2A,Ladies,Off-peak,Rajdhani,0
41,30,3A,Ladies,Peak,Superfast,0
52,39,Sleeper,Tatkal,Off-peak,Rajdhani,0
9,32,Sleeper,Tatkal,Off-peak,Shatabdi,0
40,17,2A,Tatkal,Peak,Rajdhani,0
39,11,3A,Ladies,Off-peak,Superfast,0
52,11,2A,Ladies,Peak,Express,0
12,33,Sleeper,Tatkal,Peak,Shatabdi,0
39,9,1A,Tatkal,Off-peak,Shatabdi,0
43,28,3A,GN,Off-peak,Rajdhani,0
42,16,Sleeper,GN,Peak,Express,0
26,30,2A,Tatkal,Peak,Express,0
44,45,1A,Tatkal,Off-peak,Shatabdi,0
34,27,Sleeper,Tatkal,Off-peak,Express,0
44,20,Sleeper,GN,Off-peak,Express,1
40,41,2A,Tatkal,Off-peak,Superfast,0
52,6,2A,Ladies,Off-peak,Express,0
50,43,3A,Ladies,Peak,Superfast,0
44,44,3A,Tatkal,Peak,Rajdhani,0
54,4,Sleeper,Tatkal,Peak,Rajdhani,0
44,28,2A,GN,Off-peak,Superfast,0
13,2,Sleeper,Ladies,Peak,Rajdhani,0
39,42,3A,Ladies,Peak,Rajdhani,0
6,38,3A,Tatkal,Peak,Rajdhani,0
45,11,2A,Tatkal,Off-peak,Rajdhani,0
41,29,2A,Tatkal,Off-peak,Superfast,0
11,4,2A,GN,Off-peak,Express,1
22,3,2A,Tatkal,Peak,Express,0
5,31,3A,Ladies,Off-peak,Shatabdi,1
42,31,Sleeper,GN,Off-peak,Shatabdi,0
40,41,Sleeper,Tatkal,Off-peak,Rajdhani,0
3,4,Sleeper,Ladies,Off-peak,Express,1
2,31,3A,Ladies,Peak,Rajdhani,1
43,24,2A,GN,Off-peak,Express,0
37,0,1A,Tatkal,Off-peak,Express,0
55,4,3A,GN,Off-peak,Express,0
8,36,2A,Tatkal,Off-peak,Express,0
4,40,Sleeper,Tatkal,Off-peak,Rajdhani,0
54,29,2A,Ladies,Peak,Shatabdi,0
36,2,1A,Ladies,Peak,Superfast,0
45,24,Sleeper,Ladies,Off-peak,Express,0
6,40,1A,Ladies,Peak,Shatabdi,0
3,12,Sleeper,Ladies,Peak,Express,1
25,4,2A,Tatkal,Off-peak,Rajdhani,0
3,21,Sleeper,Tatkal,Peak,Express,0
8,13,1A,Ladies,Peak,Shatabdi,0
60,4,Sleeper,Ladies,Peak,Express,0
42,1,1A,Ladies,Peak,Shatabdi,0
45,41,3A,GN,Peak,Rajdhani,0
58,19,Sleeper,Tatkal,Peak,Rajdhani,0
53,6,Sleeper,Tatkal,Peak,Rajdhani,0
52,12,1A,Tatkal,Off-peak,Superfast,0
8,43,3A,Tatkal,Peak,Rajdhani,0
38,11,2A,GN,Peak,Superfast,0
10,26,3A,Ladies,Off-peak,Shatabdi,1
29,15,Sleeper,GN,Peak,Express,1
50,10,Sleeper,Tatkal,Peak,Rajdhani,0
1,11,Sleeper,Ladies,Off-peak,Express,1
45,30,3A,GN,Peak,Superfast,0
34,28,1A,GN,Peak,Rajdhani,0
39,11,1A,Ladies,Peak,Superfast,0
23,26,Sleeper,Ladies,Peak,Shatabdi,0
8,33,Sleeper,Ladies,Off-peak,Shatabdi,1
30,40,3A,Tatkal,Peak,Shatabdi,0
8,9,1A,Tatkal,Peak,Shatabdi,0
43,2,Sleeper,Ladies,Off-peak,Superfast,0
14,27,2A,Tatkal,Off-peak,Rajdhani,0
7,3,3A,GN,Peak,Express,0
33,7,Sleeper,GN,Off-peak,Superfast,1
27,12,2A,GN,Peak,Superfast,0
15,6,3A,Ladies,Off-peak,Shatabdi,0
25,14,Sleeper,Tatkal,Off-peak,Rajdhani,0
57,27,3A,GN,Off-peak,Shatabdi,0
25,23,3A,Tatkal,Peak,Superfast,0
18,12,2A,GN,Peak,Rajdhani,0
18,8,Sleeper,Tatkal,Off-peak,Express,1
11,21,3A,Tatkal,Peak,Shatabdi,0
37,35,3A,GN,Off-peak,Express,0
56,13,1A,Tatkal,Off-peak,Rajdhani,0
47,27,3A,GN,Off-peak,Express,0
38,14,3A,Ladies,Peak,Express,0
3,2,1A,Ladies,Peak,Express,0
34,25,1A,Ladies,Peak,Express,0
32,15,Sleeper,Ladies,Peak,Express,1
14,8,2A,Tatkal,Peak,Rajdhani,0
2,30,2A,GN,Off-peak,Rajdhani,1
30,29,3A,Ladies,Off-peak,Shatabdi,0
51,23,1A,Ladies,Peak,Rajdhani,0
25,44,2A,Ladies,Peak,Superfast,0
28,17,3A,Ladies,Peak,Superfast,0
48,3,2A,GN,Peak,Express,0
24,29,Sleeper,Tatkal,Off-peak,Shatabdi,0
42,35,Sleeper,Ladies,Peak,Shatabdi,0
22,15,Sleeper,Ladies,Off-peak,Shatabdi,1
49,14,2A,Tatkal,Off-peak,Express,0
18,3,Sleeper,Tatkal,Off-peak,Express,0
32,32,Sleeper,Tatkal,Off-peak,Express,0
40,23,Sleeper,GN,Off-peak,Rajdhani,0
6,25,3A,Tatkal,Peak,Rajdhani,0
11,17,Sleeper,Ladies,Peak,Express,1
10,13,Sleeper,Tatkal,Off-peak,Shatabdi,0
31,22,1A,Tatkal,Peak,Superfast,0
13,4,Sleeper,GN,Off-peak,Express,1
38,21,2A,Tatkal,Off-peak,Express,0
20,36,3A,Tatkal,Peak,Superfast,0
15,30,2A,Tatkal,Peak,Shatabdi,0
23,18,1A,GN,Peak,Superfast,0
12,11,3A,GN,Peak,Rajdhani,1
3,20,3A,Tatkal,Off-peak,Superfast,0
12,13,Sleeper,Ladies,Off-peak,Superfast,1
10,23,1A,Ladies,Peak,Superfast,0
8,1,1A,Tatkal,Peak,Express,0
60,20,3A,GN,Off-peak,Superfast,0
31,18,3A,Ladies,Off-peak,Superfast,0
45,7,1A,GN,Peak,Rajdhani,0
20,1,1A,Ladies,Peak,Express,0
23,5,2A,GN,Peak,Shatabdi,0
51,17,3A,GN,Peak,Express,0
44,42,Sleeper,Ladies,Off-peak,Shatabdi,0
32,20,Sleeper,Ladies,Off-peak,Express,1
10,45,1A,Tatkal,Off-peak,Superfast,0
1,18,2A,Tatkal,Off-peak,Express,0
56,35,Sleeper,GN,Off-peak,Express,0
52,28,2A,GN,Off-peak,Express,0
9,37,Sleeper,GN,Peak,Superfast,1
31,33,2A,GN,Off-peak,Rajdhani,0
1,26,2A,Tatkal,Peak,Express,0
46,36,3A,GN,Peak,Express,0
19,35,1A,GN,Off-peak,Superfast,0
32,35,1A,GN,Peak,Rajdhani,0
10,16,2A,Ladies,Off-peak,Rajdhani,0
42,42,2A,Tatkal,Peak,Express,0
59,44,3A,GN,Peak,Superfast,0
32,4,2A,Ladies,Off-peak,Express,0
56,16,1A,Ladies,Peak,Superfast,0
33,36,Sleeper,Tatkal,Peak,Rajdhani,0
10,20,1A,Ladies,Peak,Superfast,0
11,3,2A,Tatkal,Off-peak,Superfast,0
4,18,2A,Ladies,Peak,Shatabdi,1
50,40,3A,GN,Peak,Superfast,0
56,20,2A,Tatkal,Off-peak,Rajdhani,0
35,37,2A,GN,Peak,Shatabdi,0
34,18,2A,Tatkal,Off-peak,Superfast,0
59,10,Sleeper,GN,Peak,Shatabdi,0
54,12,Sleeper,Tatkal,Off-peak,Rajdhani,0
8,8,Sleeper,Tatkal,Off-peak,Superfast,0
45,23,3A,Tatkal,Off-peak,Shatabdi,0
46,19,Sleeper,Ladies,Peak,Shatabdi,0
9,44,3A,Ladies,Peak,Superfast,1
9,13,3A,GN,Off-peak,Rajdhani,1
5,1,1A,Tatkal,Peak,Shatabdi,0
7,2,Sleeper,Tatkal,Peak,Superfast,0
3,4,2A,Ladies,Peak,Rajdhani,1
51,7,3A,Ladies,Peak,Shatabdi,0
43,22,Sleeper,GN,Peak,Superfast,0
38,22,2A,GN,Peak,Rajdhani,0
7,37,Sleeper,Ladies,Peak,Shatabdi,1
19,10,Sleeper,Ladies,Peak,Shatabdi,0
59,32,1A,Tatkal,Peak,Express,0
44,6,3A,Tatkal,Off-peak,Express,0
14,32,3A,Tatkal,Peak,Superfast,0
8,29,Sleeper,Ladies,Peak,Express,1
49,23,2A,Ladies,Peak,Rajdhani,0
21,31,Sleeper,Tatkal,Off-peak,Express,0
39,19,1A,GN,Off-peak,Superfast,0
55,27,3A,GN,Off-peak,Superfast,0
12,0,1A,Ladies,Peak,Express,0
29,33,Sleeper,GN,Peak,Express,1
26,44,Sleeper,Ladies,Peak,Rajdhani,1
24,12,2A,GN,Off-peak,Rajdhani,0
15,27,1A,Tatkal,Off-peak,Express,0
23,30,1A,Tatkal,Off-peak,Shatabdi,0
50,29,Sleeper,GN,Off-peak,Express,0
32,14,3A,GN,Peak,Rajdhani,0
54,4,1A,Ladies,Peak,Shatabdi,0
25,38,2A,GN,Off-peak,Rajdhani,0
49,4,1A,Tatkal,Peak,Superfast,0
43,31,1A,Ladies,Off-peak,Superfast,0
52,34,Sleeper,GN,Off-peak,Rajdhani,0
25,28,2A,Tatkal,Off-peak,Express,0
3,2,3A,Ladies,Off-peak,Shatabdi,0
32,27,3A,Tatkal,Off-peak,Express,0
49,7,1A,Ladies,Off-peak,Express,0
36,10,Sleeper,Tatkal,Off-peak,Express,0
38,24,2A,Tatkal,Off-peak,Rajdhani,0
2,37,Sleeper,GN,Off-peak,Superfast,1
52,37,Sleeper,Ladies,Off-peak,Express,0
7,27,2A,Tatkal,Off-peak,Superfast,0
4,42,3A,GN,Peak,Superfast,1
38,5,Sleeper,Tatkal,Peak,Superfast,0
11,1,2A,GN,Off-peak,Express,0
37,32,1A,Tatkal,Peak,Express,0
38,1,2A,Tatkal,Off-peak,Superfast,0
37,6,1A,GN,Peak,Superfast,0
32,32,2A,GN,Off-peak,Superfast,0
28,12,1A,Ladies,Peak,Shatabdi,0
19,16,Sleeper,Tatkal,Off-peak,Shatabdi,0
40,5,Sleeper,Ladies,Off-peak,Superfast,0
5,36,1A,Tatkal,Peak,Superfast,0
51,4,2A,Ladies,Off-peak,Express,0
43,34,2A,GN,Off-peak,Express,0
17,39,1A,Ladies,Peak,Rajdhani,0
41,45,3A,Ladies,Off-peak,Shatabdi,0
43,29,2A,Ladies,Off-peak,Rajdhani,0
34,12,2A,Tatkal,Peak,Shatabdi,0
10,43,2A,Tatkal,Off-peak,Superfast,0
56,4,3A,Tatkal,Off-peak,Superfast,0
42,10,2A,Ladies,Peak,Express,0
16,7,3A,GN,Peak,Shatabdi,0
52,19,1A,Tatkal,Off-peak,Express,0
42,2,3A,GN,Off-peak,Shatabdi,0
2,16,2A,Ladies,Peak,Rajdhani,1
47,31,Sleeper,GN,Peak,Superfast,0
39,19,Sleeper,Tatkal,Off-peak,Rajdhani,0
26,8,3A,GN,Peak,Superfast,0
32,5,3A,Ladies,Peak,Superfast,0
22,37,1A,Ladies,Peak,Express,0
14,9,Sleeper,GN,Peak,Superfast,1
29,26,2A,Ladies,Peak,Express,0
35,23,Sleeper,Tatkal,Off-peak,Express,0
44,15,2A,GN,Off-peak,Express,0
46,23,2A,GN,Peak,Rajdhani,0
45,42,3A,Tatkal,Off-peak,Superfast,0
41,44,2A,Ladies,Peak,Shatabdi,0
55,28,1A,GN,Off-peak,Superfast,0
20,5,3A,Tatkal,Peak,Shatabdi,0
59,28,2A,Ladies,Off-peak,Rajdhani,0
18,5,1A,Tatkal,Off-peak,Superfast,0
46,27,Sleeper,GN,Off-peak,Rajdhani,0
23,26,2A,Tatkal,Peak,Rajdhani,0
42,41,3A,Ladies,Off-peak,Shatabdi,0
1,25,3A,Ladies,Off-peak,Superfast,1
37,5,Sleeper,GN,Peak,Shatabdi,0
55,38,1A,Tatkal,Off-peak,Express,0
56,8,2A,GN,Off-peak,Superfast,0
13,5,1A,Tatkal,Peak,Express,0
57,24,3A,GN,Peak,Shatabdi,0
59,5,1A,GN,Off-peak,Shatabdi,0
4,25,1A,Ladies,Off-peak,Shatabdi,0
6,23,3A,Ladies,Peak,Rajdhani,0
46,33,1A,Tatkal,Off-peak,Rajdhani,0
15,45,3A,GN,Off-peak,Superfast,1
48,31,1A,GN,Off-peak,Shatabdi,0
39,13,2A,Ladies,Peak,Express,0
12,26,3A,GN,Off-peak,Superfast,1
16,39,1A,GN,Off-peak,Express,0
6,0,1A,GN,Off-peak,Express,0
44,13,1A,Ladies,Off-peak,Superfast,0
5,6,Sleeper,GN,Off-peak,Shatabdi,1
31,22,Sleeper,GN,Off-peak,Express,1
20,25,2A,GN,Peak,Shatabdi,0
17,10,1A,Tatkal,Off-peak,Shatabdi,0
6,20,1A,GN,Off-peak,Rajdhani,0
21,2,3A,Tatkal,Off-peak,Superfast,0
60,27,2A,Tatkal,Off-peak,Superfast,0
28,10,2A,Ladies,Off-peak,Shatabdi,0
36,42,1A,GN,Peak,Shatabdi,0
4,14,3A,GN,Off-peak,Superfast,1
11,45,1A,Tatkal,Peak,Express,0
3,28,2A,Ladies,Off-peak,Express,1
32,7,3A,GN,Off-peak,Rajdhani,0
14,18,3A,GN,Off-peak,Shatabdi,1
38,0,3A,Tatkal,Peak,Shatabdi,0
50,31,Sleeper,Tatkal,Peak,Superfast,0
44,43,Sleeper,Tatkal,Off-peak,Rajdhani,0
54,20,3A,GN,Peak,Express,0
54,45,1A,Tatkal,Off-peak,Rajdhani,0
22,2,1A,Tatkal,Peak,Shatabdi,0
56,3,2A,Tatkal,Peak,Rajdhani,0
36,38,1A,GN,Off-peak,Superfast,0
12,15,1A,GN,Peak,Shatabdi,0
11,24,1A,Tatkal,Peak,Rajdhani,0
20,31,1A,Ladies,Off-peak,Shatabdi,0
23,42,Sleeper,Tatkal,Peak,Express,0
29,24,1A,Tatkal,Off-peak,Rajdhani,0
49,27,2A,Ladies,Peak,Express,0
41,27,Sleeper,GN,Off-peak,Express,1
44,14,3A,Tatkal,Peak,Superfast,0
30,27,Sleeper,Tatkal,Off-peak,Shatabdi,0
9,43,2A,GN,Off-peak,Superfast,1
37,3,Sleeper,GN,Peak,Express,0
27,6,1A,Ladies,Off-peak,Superfast,0
17,37,Sleeper,Ladies,Peak,Rajdhani,1
48,42,1A,GN,Peak,Express,0
3,5,1A,Ladies,Off-peak,Superfast,1
38,29,1A,Ladies,Off-peak,Superfast,0
59,11,3A,GN,Peak,Superfast,0
56,43,Sleeper,Tatkal,Peak,Rajdhani,0
26,7,Sleeper,GN,Off-peak,Express,1
45,25,1A,Tatkal,Off-peak,Express,0
52,19,Sleeper,GN,Peak,Rajdhani,0
13,7,Sleeper,Ladies,Peak,Rajdhani,1
14,30,3A,Ladies,Peak,Express,1
54,40,3A,GN,Off-peak,Express,0
10,30,1A,GN,Peak,Shatabdi,0
58,9,1A,Tatkal,Off-peak,Rajdhani,0
56,28,3A,GN,Off-peak,Express,0
4,21,Sleeper,GN,Off-peak,Express,1
55,31,2A,GN,Off-peak,Express,0
32,32,1A,GN,Peak,Rajdhani,0
28,36,2A,Ladies,Peak,Superfast,0
58,41,1A,Tatkal,Peak,Express,0
40,41,2A,Tatkal,Off-peak,Rajdhani,0
11,18,3A,Tatkal,Off-peak,Express,0
15,32,3A,Ladies,Off-peak,Express,1
9,18,1A,Tatkal,Off-peak,Express,0
52,10,3A,Tatkal,Peak,Express,0
9,11,3A,GN,Off-peak,Rajdhani,1
51,26,1A,Tatkal,Peak,Shatabdi,0
36,3,Sleeper,Tatkal,Off-peak,Superfast,0
44,10,3A,Ladies,Peak,Rajdhani,0
22,27,Sleeper,Ladies,Peak,Rajdhani,0
36,14,1A,Tatkal,Off-peak,Superfast,0
50,2,2A,GN,Peak,Rajdhani,0
60,28,1A,GN,Peak,Rajdhani,0
53,35,Sleeper,Ladies,Peak,Shatabdi,0
41,7,3A,Tatkal,Peak,Superfast,0
46,28,1A,Ladies,Peak,Shatabdi,0
42,23,2A,GN,Peak,Shatabdi,0
29,26,Sleeper,GN,Off-peak,Superfast,1
19,32,3A,GN,Off-peak,Superfast,1
46,26,2A,Ladies,Peak,Shatabdi,0
49,33,1A,GN,Peak,Express,0
27,26,1A,Ladies,Off-peak,Rajdhani,0
29,9,Sleeper,Ladies,Peak,Rajdhani,1
22,20,1A,GN,Off-peak,Rajdhani,0
26,2,3A,Ladies,Peak,Superfast,0
27,25,2A,Ladies,Off-peak,Superfast,0
1,17,3A,Ladies,Off-peak,Express,1
42,13,1A,Ladies,Off-peak,Express,0
50,12,2A,GN,Peak,Superfast,0
25,8,2A,GN,Peak,Superfast,0
34,21,3A,GN,Peak,Superfast,0
16,19,1A,Ladies,Peak,Rajdhani,0
54,23,2A,Ladies,Off-peak,Rajdhani,0
4,41,Sleeper,Tatkal,Off-peak,Rajdhani,1
30,21,3A,Ladies,Peak,Superfast,0
20,18,3A,Ladies,Off-peak,Shatabdi,0
7,20,3A,Tatkal,Off-peak,Rajdhani,0
10,45,1A,Tatkal,Peak,Rajdhani,0
4,27,3A,Tatkal,Peak,Express,1
5,23,1A,Ladies,Off-peak,Superfast,0
38,31,1A,Tatkal,Off-peak,Express,0
53,10,3A,Ladies,Peak,Express,0
46,29,3A,Ladies,Peak,Shatabdi,0
30,30,Sleeper,Ladies,Peak,Superfast,1
59,7,1A,GN,Peak,Superfast,0
37,18,Sleeper,Ladies,Peak,Rajdhani,0
24,19,2A,Tatkal,Off-peak,Express,0
2,9,3A,Ladies,Off-peak,Rajdhani,1
60,19,2A,GN,Peak,Express,0
1,7,2A,GN,Peak,Express,1
31,36,2A,Ladies,Off-peak,Superfast,0
51,24,1A,Ladies,Peak,Shatabdi,0
33,40,1A,Tatkal,Off-peak,Shatabdi,0
56,20,Sleeper,Ladies,Off-peak,Express,0
15,25,2A,Ladies,Peak,Express,0
48,17,Sleeper,GN,Peak,Superfast,0
36,41,Sleeper,Ladies,Peak,Shatabdi,0
40,34,Sleeper,Ladies,Peak,Express,0
33,1,Sleeper,Ladies,Peak,Rajdhani,0
18,13,3A,Ladies,Off-peak,Rajdhani,1
52,34,2A,Tatkal,Peak,Express,0
56,1,2A,Tatkal,Peak,Express,0
2,33,2A,Tatkal,Off-peak,Rajdhani,0
8,6,3A,Tatkal,Peak,Shatabdi,0
17,5,3A,Tatkal,Off-peak,Shatabdi,0
4,39,2A,GN,Peak,Rajdhani,1
20,24,Sleeper,Tatkal,Peak,Express,0
58,20,2A,Tatkal,Peak,Rajdhani,0
13,15,3A,Tatkal,Off-peak,Rajdhani,0
18,3,2A,Tatkal,Off-peak,Rajdhani,0
31,1,1A,Ladies,Peak,Rajdhani,0
18,35,Sleeper,GN,Peak,Superfast,1
37,26,1A,GN,Peak,Shatabdi,0
24,34,3A,GN,Off-peak,Express,0
3,0,1A,Ladies,Off-peak,Shatabdi,0
1,3,1A,Tatkal,Off-peak,Express,0
23,40,3A,Ladies,Off-peak,Rajdhani,0
11,34,Sleeper,Tatkal,Peak,Express,0
45,7,3A,Ladies,Off-peak,Express,0
14,39,2A,Ladies,Off-peak,Superfast,0
49,45,1A,Tatkal,Peak,Superfast,0
22,13,1A,Ladies,Off-peak,Rajdhani,0
59,44,3A,Ladies,Peak,Express,0
1,0,3A,Tatkal,Off-peak,Express,0
35,5,Sleeper,Ladies,Peak,Express,0
44,7,2A,Tatkal,Off-peak,Express,0
12,44,Sleeper,GN,Off-peak,Superfast,1
60,12,1A,GN,Peak,Rajdhani,0
49,17,2A,GN,Peak,Superfast,0
52,45,3A,GN,Off-peak,Superfast,0
3,17,1A,Ladies,Peak,Rajdhani,0
13,40,1A,GN,Off-peak,Express,0
11,35,3A,Ladies,Peak,Rajdhani,1
38,8,Sleeper,GN,Off-peak,Shatabdi,0
57,33,2A,GN,Peak,Superfast,0
44,35,1A,GN,Off-peak,Rajdhani,0
55,20,1A,Tatkal,Off-peak,Rajdhani,0
44,33,1A,Tatkal,Off-peak,Rajdhani,0
57,14,Sleeper,Tatkal,Off-peak,Express,0
21,0,1A,GN,Off-peak,Rajdhani,0
57,36,Sleeper,Ladies,Peak,Express,0
5,15,3A,GN,Off-peak,Superfast,1
5,40,Sleeper,GN,Off-peak,Express,1
52,1,2A,Tatkal,Peak,Rajdhani,0
31,15,2A,GN,Off-peak,Shatabdi,0
5,38,1A,GN,Off-peak,Rajdhani,1
6,3,Sleeper,Tatkal,Off-peak,Rajdhani,0
51,8,Sleeper,Tatkal,Peak,Superfast,0
40,40,1A,GN,Peak,Rajdhani,0
36,3,2A,Tatkal,Off-peak,Rajdhani,0
40,26,3A,Ladies,Peak,Express,0
25,29,1A,Ladies,Peak,Superfast,0
42,43,Sleeper,Tatkal,Off-peak,Shatabdi,0
7,6,Sleeper,Ladies,Peak,Shatabdi,1
58,36,3A,Ladies,Off-peak,Superfast,0
27,30,1A,GN,Peak,Shatabdi,0
52,2,Sleeper,GN,Off-peak,Express,0
33,41,2A,Tatkal,Peak,Shatabdi,0
31,19,2A,Tatkal,Off-peak,Rajdhani,0
34,37,3A,GN,Peak,Rajdhani,0
28,22,3A,GN,Peak,Rajdhani,0
22,12,1A,Ladies,Off-peak,Superfast,0
55,37,2A,Ladies,Off-peak,Express,0
22,10,Sleeper,Tatkal,Peak,Express,0
15,0,3A,Ladies,Peak,Express,0
40,13,3A,Tatkal,Off-peak,Express,0
14,25,3A,GN,Off-peak,Rajdhani,1
5,22,Sleeper,Ladies,Peak,Shatabdi,1
19,28,3A,Ladies,Off-peak,Rajdhani,1
2,12,3A,Tatkal,Peak,Shatabdi,0
57,16,3A,Tatkal,Peak,Shatabdi,0
13,1,3A,Tatkal,Peak,Rajdhani,0
54,43,3A,Tatkal,Peak,Superfast,0
60,13,2A,Tatkal,Peak,Superfast,0
52,23,3A,Ladies,Off-peak,Rajdhani,0
8,9,3A,GN,Peak,Express,1
45,23,2A,Ladies,Off-peak,Shatabdi,0
59,2,3A,Ladies,Off-peak,Shatabdi,0
21,15,Sleeper,Ladies,Off-peak,Shatabdi,1
55,32,1A,GN,Peak,Express,0
51,42,Sleeper,GN,Off-peak,Superfast,0
32,33,1A,GN,Off-peak,Superfast,0
34,44,1A,Ladies,Off-peak,Express,0
18,37,1A,Ladies,Peak,Shatabdi,0
15,12,1A,GN,Off-peak,Shatabdi,0
20,27,1A,Ladies,Peak,Superfast,0
17,35,Sleeper,GN,Peak,Superfast,1
29,33,2A,GN,Peak,Express,0
33,39,2A,Tatkal,Off-peak,Express,0
28,26,2A,Tatkal,Off-peak,Superfast,0
25,1,3A,Tatkal,Peak,Superfast,0
42,4,2A,GN,Off-peak,Rajdhani,0
51,17,3A,GN,Peak,Rajdhani,0
24,2,3A,Tatkal,Peak,Superfast,0
17,19,2A,GN,Peak,Superfast,0
1,19,2A,Tatkal,Off-peak,Express,1
53,37,Sleeper,Tatkal,Peak,Express,0
15,14,3A,Tatkal,Peak,Express,0
47,29,2A,GN,Off-peak,Shatabdi,0
28,44,1A,GN,Off-peak,Express,0
55,35,Sleeper,Tatkal,Peak,Shatabdi,0
20,0,1A,Ladies,Off-peak,Superfast,0
15,26,1A,Ladies,Off-peak,Superfast,0
21,37,Sleeper,Ladies,Peak,Shatabdi,0
10,21,1A,Tatkal,Peak,Express,0
5,34,1A,GN,Off-peak,Rajdhani,0
22,36,1A,Ladies,Off-peak,Rajdhani,0
11,6,3A,GN,Off-peak,Rajdhani,1
12,12,Sleeper,Tatkal,Off-peak,Shatabdi,0
15,18,Sleeper,Tatkal,Peak,Superfast,0
34,0,3A,Tatkal,Off-peak,Express,0
11,7,3A,Ladies,Off-peak,Express,1
48,4,1A,GN,Peak,Shatabdi,0
20,27,1A,GN,Off-peak,Shatabdi,0
33,45,1A,Tatkal,Peak,Rajdhani,0
10,28,Sleeper,Tatkal,Peak,Superfast,0
59,36,1A,Tatkal,Off-peak,Rajdhani,0
48,5,2A,Ladies,Off-peak,Superfast,0
45,45,2A,Tatkal,Peak,Express,0
16,11,1A,Tatkal,Off-peak,Shatabdi,0
45,36,Sleeper,Tatkal,Peak,Shatabdi,0
57,10,2A,Ladies,Off-peak,Rajdhani,0
45,13,1A,Tatkal,Peak,Superfast,0
5,6,2A,Tatkal,Off-peak,Shatabdi,0
17,13,Sleeper,Tatkal,Peak,Rajdhani,0
41,44,1A,Tatkal,Off-peak,Express,0
55,12,1A,GN,Peak,Superfast,0
8,45,3A,Tatkal,Off-peak,Express,0
30,4,Sleeper,Ladies,Peak,Express,0
9,30,2A,GN,Peak,Rajdhani,1
39,6,3A,Tatkal,Peak,Express,0
11,4,Sleeper,Ladies,Off-peak,Shatabdi,1
29,22,3A,GN,Peak,Shatabdi,0
29,44,Sleeper,Ladies,Peak,Express,1
45,19,1A,GN,Peak,Rajdhani,0
50,24,3A,GN,Off-peak,Shatabdi,0
13,5,Sleeper,Tatkal,Peak,Rajdhani,0
22,12,Sleeper,GN,Peak,Shatabdi,1
47,10,Sleeper,Tatkal,Peak,Superfast,0
21,35,3A,Ladies,Peak,Express,0
28,7,3A,GN,Peak,Superfast,0
21,11,Sleeper,Tatkal,Off-peak,Rajdhani,0
25,13,1A,GN,Peak,Superfast,0
42,39,2A,GN,Peak,Shatabdi,0
27,19,1A,GN,Peak,Superfast,0
7,38,2A,Ladies,Off-peak,Shatabdi,1
22,11,2A,Ladies,Off-peak,Rajdhani,0
22,1,1A,Tatkal,Peak,Rajdhani,0
15,1,Sleeper,Tatkal,Peak,Express,0
49,15,Sleeper,GN,Peak,Superfast,1
32,18,3A,GN,Off-peak,Shatabdi,0
42,2,3A,Ladies,Off-peak,Superfast,0
9,17,2A,Ladies,Peak,Express,0
42,18,Sleeper,GN,Off-peak,Superfast,1
16,13,Sleeper,Ladies,Peak,Shatabdi,0
39,24,2A,GN,Off-peak,Rajdhani,0
5,31,Sleeper,GN,Peak,Shatabdi,1
14,8,Sleeper,GN,Peak,Shatabdi,1
33,5,1A,Ladies,Off-peak,Superfast,0
11,12,3A,Tatkal,Peak,Shatabdi,0
20,18,1A,Ladies,Peak,Superfast,0
56,30,Sleeper,Tatkal,Off-peak,Express,0
11,30,1A,Tatkal,Off-peak,Shatabdi,0
53,30,Sleeper,Tatkal,Off-peak,Rajdhani,0
49,19,3A,Ladies,Peak,Superfast,0
25,29,2A,Tatkal,Off-peak,Express,0
36,38,1A,GN,Off-peak,Shatabdi,0
46,30,3A,GN,Peak,Rajdhani,0
1,32,2A,Tatkal,Off-peak,Express,1
26,23,1A,Tatkal,Off-peak,Rajdhani,0
27,2,Sleeper,Tatkal,Peak,Shatabdi,0
49,27,2A,Ladies,Off-peak,Express,0
41,44,2A,Ladies,Peak,Express,0
60,27,3A,GN,Off-peak,Rajdhani,0
59,23,Sleeper,Ladies,Peak,Superfast,0
39,29,3A,Tatkal,Peak,Shatabdi,0
1,7,Sleeper,Ladies,Off-peak,Express,1
46,37,Sleeper,Ladies,Peak,Express,0
11,27,2A,Ladies,Off-peak,Express,1
38,19,1A,Ladies,Peak,Rajdhani,0
41,36,2A,GN,Off-peak,Shatabdi,0
60,25,2A,GN,Peak,Express,0
1,6,Sleeper,Ladies,Off-peak,Express,1
42,18,1A,GN,Peak,Superfast,0
12,45,3A,GN,Off-peak,Shatabdi,1
33,7,1A,Ladies,Peak,Shatabdi,0
13,3,3A,GN,Off-peak,Express,1
29,40,Sleeper,Ladies,Peak,Rajdhani,0
19,5,1A,GN,Off-peak,Rajdhani,0
22,1,3A,Tatkal,Off-peak,Rajdhani,0
1,3,2A,GN,Peak,Rajdhani,1
14,33,Sleeper,Tatkal,Off-peak,Express,0
31,21,1A,Tatkal,Off-peak,Superfast,0
21,15,2A,Ladies,Off-peak,Express,0
40,3,2A,Tatkal,Peak,Rajdhani,0
30,44,1A,Ladies,Peak,Rajdhani,0
39,7,2A,Ladies,Peak,Superfast,0
29,39,1A,Ladies,Off-peak,Shatabdi,0
1,40,2A,GN,Off-peak,Rajdhani,1
52,20,1A,GN,Off-peak,Express,0
48,39,Sleeper,Tatkal,Off-peak,Express,0
43,44,Sleeper,Ladies,Off-peak,Superfast,1
39,12,3A,Ladies,Peak,Shatabdi,0
32,5,2A,Ladies,Off-peak,Shatabdi,0
58,28,Sleeper,Tatkal,Peak,Shatabdi,0
14,10,Sleeper,GN,Off-peak,Rajdhani,1
11,20,1A,Tatkal,Peak,Superfast,0
43,30,Sleeper,Ladies,Peak,Express,0
6,44,2A,GN,Peak,Superfast,1
25,45,1A,Ladies,Off-peak,Shatabdi,0
15,16,Sleeper,Tatkal,Peak,Rajdhani,0
6,21,3A,Ladies,Peak,Superfast,1
9,20,1A,Ladies,Peak,Superfast,0
4,37,3A,Tatkal,Off-peak,Superfast,0
50,23,3A,Ladies,Peak,Rajdhani,0
26,0,1A,Tatkal,Peak,Superfast,0
54,14,1A,Ladies,Off-peak,Shatabdi,0
39,18,3A,Ladies,Peak,Superfast,0
20,32,Sleeper,Tatkal,Off-peak,Shatabdi,0
32,18,1A,GN,Off-peak,Shatabdi,0
53,45,3A,Ladies,Peak,Rajdhani,0
60,11,1A,Ladies,Off-peak,Superfast,0
53,42,3A,GN,Off-peak,Superfast,0
28,43,1A,Tatkal,Off-peak,Express,0
5,33,2A,Tatkal,Peak,Express,0
7,8,2A,Ladies,Peak,Superfast,0
30,41,3A,Ladies,Peak,Express,0
45,30,2A,GN,Peak,Shatabdi,0
52,12,Sleeper,Tatkal,Peak,Shatabdi,0
25,27,3A,GN,Peak,Superfast,1
31,11,Sleeper,GN,Off-peak,Express,1
10,40,1A,GN,Peak,Rajdhani,0
16,25,1A,Tatkal,Peak,Express,0
50,44,Sleeper,Tatkal,Off-peak,Superfast,0
41,41,1A,Tatkal,Peak,Rajdhani,0
8,5,Sleeper,Tatkal,Peak,Rajdhani,0
38,36,1A,Tatkal,Peak,Shatabdi,0
25,30,1A,Tatkal,Peak,Rajdhani,0
21,4,3A,Tatkal,Peak,Express,0
36,34,1A,GN,Peak,Shatabdi,0
43,7,3A,Ladies,Peak,Rajdhani,0
36,28,2A,GN,Peak,Shatabdi,0
37,13,3A,GN,Off-peak,Rajdhani,0
6,7,2A,Tatkal,Peak,Express,0
43,0,3A,Tatkal,Peak,Superfast,0
43,34,1A,GN,Off-peak,Superfast,0
34,22,3A,Ladies,Peak,Rajdhani,0
16,2,3A,GN,Off-peak,Shatabdi,1
9,38,3A,Ladies,Off-peak,Superfast,1
9,39,1A,GN,Off-peak,Superfast,0
25,41,3A,Tatkal,Off-peak,Rajdhani,0
17,43,1A,Ladies,Peak,Shatabdi,0
5,40,2A,Ladies,Peak,Superfast,1
37,42,3A,Tatkal,Peak,Superfast,0
51,27,1A,GN,Peak,Rajdhani,0
18,7,Sleeper,Ladies,Off-peak,Rajdhani,1
22,40,Sleeper,Tatkal,Off-peak,Superfast,0
10,14,2A,GN,Peak,Express,1
15,24,Sleeper,GN,Peak,Superfast,1
38,31,Sleeper,Ladies,Off-peak,Superfast,1
36,17,Sleeper,GN,Peak,Superfast,0
49,24,3A,Tatkal,Off-peak,Express,0
38,8,2A,GN,Peak,Shatabdi,0
10,24,2A,GN,Off-peak,Shatabdi,1
44,38,1A,Ladies,Off-peak,Shatabdi,0
29,22,1A,Ladies,Off-peak,Superfast,0
28,33,3A,Tatkal,Peak,Superfast,0
27,20,Sleeper,Ladies,Peak,Rajdhani,0
47,15,Sleeper,GN,Peak,Rajdhani,0
48,18,1A,GN,Off-peak,Shatabdi,0
31,31,Sleeper,Tatkal,Peak,Shatabdi,0
59,0,1A,Ladies,Off-peak,Shatabdi,0
48,42,Sleeper,Ladies,Off-peak,Shatabdi,0
44,33,3A,GN,Peak,Superfast,0
54,8,2A,GN,Off-peak,Express,0
25,10,2A,GN,Off-peak,Shatabdi,0
54,34,Sleeper,Tatkal,Off-peak,Express,0
19,16,3A,GN,Off-peak,Shatabdi,1
60,19,Sleeper,Tatkal,Off-peak,Rajdhani,0
23,0,1A,Tatkal,Off-peak,Superfast,0
7,0,2A,Ladies,Peak,Express,0
23,0,Sleeper,Tatkal,Off-peak,Shatabdi,0
6,33,3A,Tatkal,Peak,Express,0
1,9,2A,GN,Off-peak,Express,1
24,19,2A,Tatkal,Peak,Superfast,0
7,28,1A,GN,Peak,Superfast,0
48,27,Sleeper,Tatkal,Peak,Rajdhani,0
13,18,Sleeper,GN,Off-peak,Express,1
48,21,Sleeper,GN,Peak,Express,0
43,17,Sleeper,Tatkal,Off-peak,Express,0
52,43,3A,Tatkal,Off-peak,Express,0
9,7,Sleeper,GN,Peak,Shatabdi,1
23,32,Sleeper,Ladies,Peak,Rajdhani,0
44,21,1A,Ladies,Peak,Express,0
31,18,2A,Tatkal,Peak,Express,0
16,39,3A,Ladies,Peak,Shatabdi,1
18,7,2A,Ladies,Peak,Express,0
13,30,Sleeper,Ladies,Peak,Shatabdi,1
55,37,3A,GN,Peak,Shatabdi,0
26,2,2A,GN,Peak,Express,0
2,39,3A,GN,Peak,Express,1
27,33,2A,Ladies,Peak,Shatabdi,0
22,27,1A,GN,Off-peak,Rajdhani,0
20,7,2A,Tatkal,Off-peak,Superfast,0
46,26,3A,Tatkal,Peak,Shatabdi,0
3,0,Sleeper,Ladies,Off-peak,Shatabdi,0
19,30,2A,Ladies,Peak,Express,0
12,16,1A,Tatkal,Off-peak,Superfast,0
8,6,Sleeper,Ladies,Peak,Superfast,1
24,23,2A,GN,Off-peak,Shatabdi,0
38,24,Sleeper,GN,Peak,Rajdhani,1
3,37,3A,GN,Off-peak,Rajdhani,1
5,34,2A,Tatkal,Off-peak,Shatabdi,0
35,9,Sleeper,GN,Peak,Express,1
36,45,2A,Ladies,Off-peak,Superfast,0
29,40,Sleeper,Tatkal,Peak,Express,0
27,33,Sleeper,GN,Off-peak,Shatabdi,1
19,2,Sleeper,Ladies,Peak,Express,0
32,43,Sleeper,GN,Off-peak,Express,1
36,24,1A,Ladies,Off-peak,Shatabdi,0
12,0,3A,Ladies,Peak,Rajdhani,0
57,32,1A,Ladies,Off-peak,Superfast,0
55,14,2A,Ladies,Off-peak,Rajdhani,0
11,14,Sleeper,Ladies,Peak,Superfast,1
3,40,3A,Tatkal,Peak,Superfast,0
56,3,3A,GN,Peak,Rajdhani,0
42,22,2A,Tatkal,Peak,Superfast,0
47,8,1A,Ladies,Off-peak,Superfast,0
4,40,Sleeper,Tatkal,Peak,Superfast,0
12,16,Sleeper,Ladies,Peak,Express,1
42,16,3A,Tatkal,Peak,Superfast,0
18,13,1A,GN,Off-peak,Shatabdi,0
47,27,2A,GN,Off-peak,Rajdhani,0
32,11,1A,GN,Peak,Shatabdi,0
37,31,3A,Ladies,Off-peak,Rajdhani,0
20,10,3A,Tatkal,Peak,Rajdhani,0
10,4,1A,GN,Off-peak,Express,0
7,33,3A,Ladies,Peak,Rajdhani,1
25,24,Sleeper,GN,Peak,Rajdhani,1
9,15,Sleeper,Tatkal,Peak,Rajdhani,0
51,0,Sleeper,Ladies,Off-peak,Rajdhani,0
13,8,1A,Ladies,Off-peak,Shatabdi,0
20,21,1A,GN,Peak,Rajdhani,0
35,44,2A,Ladies,Peak,Rajdhani,0
53,2,Sleeper,Ladies,Off-peak,Rajdhani,0
33,26,3A,GN,Peak,Rajdhani,0
15,27,1A,GN,Off-peak,Superfast,0
15,43,1A,Ladies,Peak,Express,0
11,7,3A,GN,Off-peak,Superfast,1
5,39,2A,GN,Off-peak,Rajdhani,1
58,2,3A,GN,Off-peak,Superfast,0
39,11,1A,GN,Off-peak,Superfast,0
23,6,2A,Tatkal,Off-peak,Superfast,0
52,45,Sleeper,GN,Peak,Shatabdi,0
21,9,1A,Tatkal,Off-peak,Rajdhani,0
8,36,1A,Ladies,Off-peak,Shatabdi,0
6,20,3A,GN,Off-peak,Superfast,1
21,31,1A,Tatkal,Off-peak,Superfast,0
9,41,3A,Tatkal,Off-peak,Express,0
35,34,1A,Ladies,Peak,Express,0
6,37,1A,Ladies,Peak,Rajdhani,0
16,23,Sleeper,GN,Peak,Superfast,1
36,30,3A,GN,Peak,Superfast,0
24,8,2A,Tatkal,Peak,Express,0
16,13,3A,GN,Peak,Rajdhani,1
45,45,3A,Tatkal,Peak,Express,0
24,3,Sleeper,Ladies,Peak,Express,0
54,38,3A,GN,Peak,Superfast,0
10,5,3A,GN,Peak,Express,0
10,11,1A,Ladies,Peak,Superfast,0
31,26,2A,Tatkal,Peak,Superfast,0
8,9,Sleeper,Ladies,Peak,Shatabdi,1
33,10,Sleeper,Tatkal,Off-peak,Express,0
36,45,2A,Ladies,Off-peak,Shatabdi,0
28,10,2A,GN,Off-peak,Shatabdi,0
48,13,1A,Ladies,Peak,Shatabdi,0
26,11,Sleeper,Ladies,Off-peak,Express,1
21,41,1A,Tatkal,Peak,Rajdhani,0
52,23,1A,GN,Off-peak,Rajdhani,0
7,4,2A,Ladies,Off-peak,Rajdhani,1
16,18,3A,Ladies,Peak,Rajdhani,0
14,38,Sleeper,Tatkal,Peak,Shatabdi,0
41,2,3A,Tatkal,Peak,Rajdhani,0
37,30,Sleeper,GN,Off-peak,Rajdhani,1
20,0,2A,Tatkal,Off-peak,Shatabdi,0
21,25,2A,GN,Peak,Superfast,0
27,32,Sleeper,Ladies,Peak,Rajdhani,0
38,24,1A,Ladies,Peak,Superfast,0
11,9,1A,GN,Peak,Shatabdi,0
57,13,3A,Ladies,Peak,Superfast,0
29,8,2A,Tatkal,Off-peak,Express,0
3,45,1A,GN,Peak,Rajdhani,1
10,36,1A,GN,Peak,Shatabdi,0
50,19,Sleeper,Tatkal,Peak,Express,0
21,10,2A,GN,Peak,Superfast,0
37,23,2A,GN,Peak,Shatabdi,0
46,29,2A,Tatkal,Off-peak,Express,0
42,8,Sleeper,Ladies,Off-peak,Rajdhani,0
24,18,1A,Tatkal,Peak,Express,0
24,32,2A,Tatkal,Peak,Express,0
33,28,2A,Ladies,Peak,Rajdhani,0
48,15,Sleeper,GN,Peak,Superfast,0
25,10,1A,GN,Peak,Express,0
56,29,Sleeper,Tatkal,Off-peak,Express,0
42,34,1A,GN,Peak,Shatabdi,0
47,6,1A,Tatkal,Peak,Express,0
22,4,2A,Tatkal,Off-peak,Shatabdi,0
45,30,Sleeper,Tatkal,Off-peak,Rajdhani,0
35,9,1A,GN,Peak,Superfast,0
37,2,1A,GN,Off-peak,Express,0
31,13,Sleeper,GN,Peak,Express,1
18,16,3A,GN,Peak,Rajdhani,1
18,25,Sleeper,Tatkal,Off-peak,Express,0
34,13,2A,GN,Peak,Rajdhani,0
58,27,2A,Tatkal,Peak,Shatabdi,0
23,26,1A,Tatkal,Peak,Express,0
23,44,1A,GN,Peak,Rajdhani,0
47,42,3A,Tatkal,Off-peak,Rajdhani,0
10,29,3A,Tatkal,Off-peak,Rajdhani,0
51,43,1A,Tatkal,Peak,Express,0
54,8,1A,Ladies,Peak,Rajdhani,0
14,12,1A,Ladies,Peak,Express,0
14,22,3A,GN,Peak,Superfast,1
53,23,Sleeper,Tatkal,Off-peak,Rajdhani,0
45,31,1A,Tatkal,Off-peak,Superfast,0
23,34,1A,Ladies,Off-peak,Rajdhani,0
60,11,1A,Tatkal,Off-peak,Shatabdi,0
36,38,3A,Ladies,Off-peak,Express,0
19,42,1A,Ladies,Off-peak,Rajdhani,0
6,6,Sleeper,Ladies,Peak,Express,1
7,31,Sleeper,Ladies,Off-peak,Rajdhani,1
43,18,1A,GN,Peak,Express,0
36,24,Sleeper,GN,Off-peak,Rajdhani,1
23,29,1A,Ladies,Off-peak,Rajdhani,0
24,14,2A,Tatkal,Off-peak,Superfast,0
54,26,3A,GN,Off-peak,Rajdhani,0
1,1,3A,Tatkal,Off-peak,Superfast,0
11,36,1A,GN,Off-peak,Shatabdi,0
40,41,1A,GN,Off-peak,Shatabdi,0
41,24,3A,Tatkal,Off-peak,Shatabdi,0
28,14,Sleeper,Ladies,Peak,Rajdhani,0
41,36,1A,Ladies,Off-peak,Shatabdi,0
21,13,Sleeper,GN,Peak,Express,1
1,40,3A,GN,Peak,Express,1
2,8,1A,Ladies,Off-peak,Shatabdi,1
16,41,3A,Tatkal,Peak,Shatabdi,0
47,24,2A,Ladies,Peak,Superfast,0
6,9,Sleeper,Ladies,Peak,Rajdhani,1
30,38,Sleeper,GN,Peak,Superfast,1
17,11,Sleeper,GN,Off-peak,Superfast,1
59,13,1A,GN,Off-peak,Rajdhani,0
27,4,1A,Ladies,Peak,Shatabdi,0
44,26,1A,Tatkal,Off-peak,Shatabdi,0
12,19,Sleeper,GN,Peak,Rajdhani,1
22,22,1A,Ladies,Peak,Shatabdi,0
34,16,Sleeper,GN,Peak,Rajdhani,0
34,32,3A,GN,Off-peak,Rajdhani,0
58,13,Sleeper,Tatkal,Peak,Shatabdi,0
6,44,3A,Tatkal,Off-peak,Express,0
13,5,2A,Ladies,Off-peak,Express,0
48,31,1A,Ladies,Off-peak,Shatabdi,0
17,11,3A,Ladies,Off-peak,Express,1
7,37,2A,GN,Peak,Express,1
28,28,1A,Ladies,Off-peak,Superfast,0
40,6,1A,Tatkal,Peak,Superfast,0
24,40,Sleeper,Tatkal,Peak,Rajdhani,0
33,16,1A,Tatkal,Off-peak,Express,0
2,7,3A,Tatkal,Off-peak,Shatabdi,0
23,15,Sleeper,GN,Off-peak,Superfast,1
10,20,Sleeper,GN,Off-peak,Rajdhani,1
46,21,3A,Tatkal,Off-peak,Shatabdi,0
36,4,1A,Tatkal,Peak,Shatabdi,0
7,35,2A,Ladies,Peak,Express,0
44,27,2A,Tatkal,Peak,Shatabdi,0
4,31,1A,GN,Off-peak,Express,1
8,7,1A,GN,Off-peak,Express,0
16,36,Sleeper,Tatkal,Peak,Rajdhani,0
59,29,2A,GN,Off-peak,Rajdhani,0
58,34,Sleeper,Tatkal,Peak,Rajdhani,0
31,6,1A,Ladies,Off-peak,Superfast,0
21,22,1A,GN,Off-peak,Express,0
40,3,1A,Tatkal,Off-peak,Express,0
55,41,Sleeper,Tatkal,Peak,Rajdhani,0
15,3,Sleeper,GN,Peak,Superfast,1
56,44,1A,GN,Peak,Rajdhani,0
13,23,Sleeper,Ladies,Peak,Superfast,1
57,2,Sleeper,GN,Off-peak,Rajdhani,0
17,21,1A,Tatkal,Peak,Shatabdi,0
38,29,Sleeper,GN,Off-peak,Shatabdi,1
49,37,1A,Ladies,Off-peak,Rajdhani,0
34,33,3A,Ladies,Off-peak,Express,0
18,20,1A,GN,Peak,Superfast,0
50,18,Sleeper,Tatkal,Peak,Shatabdi,0
45,4,Sleeper,Tatkal,Peak,Shatabdi,0
1,42,3A,Tatkal,Off-peak,Shatabdi,0
32,6,2A,GN,Off-peak,Superfast,0
46,29,3A,Ladies,Peak,Shatabdi,0
15,23,1A,Tatkal,Peak,Express,0
13,4,2A,Tatkal,Peak,Superfast,0
56,36,Sleeper,GN,Off-peak,Rajdhani,0
48,7,3A,GN,Off-peak,Shatabdi,0
18,1,1A,Ladies,Off-peak,Superfast,0
17,7,Sleeper,Tatkal,Off-peak,Shatabdi,0
10,25,1A,Ladies,Off-peak,Rajdhani,0
29,17,2A,GN,Peak,Express,0
47,27,3A,Tatkal,Peak,Express,0
12,38,2A,Ladies,Off-peak,Express,0
7,43,Sleeper,Ladies,Peak,Rajdhani,1
15,7,Sleeper,GN,Off-peak,Shatabdi,1
5,34,Sleeper,Tatkal,Peak,Express,1
26,25,Sleeper,GN,Off-peak,Express,1
14,10,3A,Tatkal,Off-peak,Superfast,0
47,0,Sleeper,GN,Off-peak,Superfast,0
55,44,3A,GN,Off-peak,Rajdhani,0
11,11,2A,Tatkal,Peak,Rajdhani,0
43,30,1A,Tatkal,Peak,Shatabdi,0
17,4,3A,Ladies,Peak,Superfast,0
31,37,Sleeper,Tatkal,Peak,Express,0
8,2,Sleeper,Ladies,Off-peak,Shatabdi,0
34,32,3A,GN,Peak,Rajdhani,0
20,21,1A,Tatkal,Off-peak,Superfast,0
43,31,2A,Tatkal,Off-peak,Rajdhani,0
53,22,2A,Ladies,Off-peak,Express,0
8,17,Sleeper,GN,Off-peak,Shatabdi,1
43,9,2A,Tatkal,Peak,Shatabdi,0
37,44,1A,Tatkal,Peak,Rajdhani,0
13,24,Sleeper,Tatkal,Off-peak,Shatabdi,0
17,43,2A,Tatkal,Off-peak,Express,0
18,19,3A,GN,Off-peak,Rajdhani,1
28,29,2A,Tatkal,Peak,Rajdhani,0
32,43,3A,Tatkal,Peak,Superfast,0
40,35,3A,Tatkal,Off-peak,Superfast,0
5,18,Sleeper,Tatkal,Peak,Shatabdi,0
19,37,Sleeper,GN,Off-peak,Superfast,1
1,27,2A,Ladies,Peak,Rajdhani,1
17,8,2A,Tatkal,Peak,Rajdhani,0
46,17,3A,Ladies,Peak,Express,0
38,5,2A,GN,Peak,Express,0
60,22,3A,Ladies,Off-peak,Express,0
26,6,2A,Tatkal,Off-peak,Shatabdi,0
37,27,2A,Ladies,Peak,Shatabdi,0
17,8,1A,Ladies,Peak,Superfast,0
20,5,2A,Ladies,Off-peak,Shatabdi,0
25,27,Sleeper,GN,Off-peak,Superfast,1
33,43,2A,Tatkal,Off-peak,Express,0
30,26,1A,Tatkal,Peak,Rajdhani,0
50,26,Sleeper,GN,Off-peak,Shatabdi,0
38,32,2A,GN,Off-peak,Rajdhani,0
49,25,3A,Tatkal,Peak,Express,0
52,33,1A,GN,Peak,Rajdhani,0
18,41,Sleeper,Tatkal,Peak,Superfast,0
37,30,2A,GN,Peak,Rajdhani,0
45,13,3A,Ladies,Off-peak,Shatabdi,0
15,43,3A,Tatkal,Off-peak,Rajdhani,0
52,31,3A,GN,Peak,Rajdhani,0
10,38,Sleeper,Ladies,Peak,Shatabdi,1
14,6,1A,GN,Off-peak,Express,0
4,7,2A,Tatkal,Off-peak,Shatabdi,0
53,15,2A,Ladies,Off-peak,Rajdhani,0
28,9,Sleeper,GN,Peak,Shatabdi,0
11,32,3A,Tatkal,Off-peak,Superfast,0
19,42,Sleeper,Ladies,Off-peak,Superfast,1
43,17,1A,Tatkal,Peak,Express,0
27,27,3A,GN,Off-peak,Express,0
8,36,1A,GN,Off-peak,Rajdhani,0
42,41,1A,GN,Off-peak,Shatabdi,0
30,29,2A,GN,Peak,Superfast,0
33,32,3A,Tatkal,Off-peak,Rajdhani,0
12,41,3A,Tatkal,Off-peak,Express,0
46,8,2A,Ladies,Off-peak,Express,0
5,41,1A,Tatkal,Off-peak,Shatabdi,0
37,45,2A,GN,Off-peak,Superfast,0
38,39,1A,GN,Peak,Rajdhani,0
55,10,3A,GN,Peak,Express,0
60,43,1A,Tatkal,Peak,Shatabdi,0
7,11,1A,Tatkal,Peak,Rajdhani,0
40,16,Sleeper,GN,Peak,Express,0
49,23,Sleeper,GN,Off-peak,Rajdhani,0
45,28,1A,GN,Peak,Shatabdi,0
17,31,1A,Ladies,Off-peak,Shatabdi,0
13,10,1A,Ladies,Peak,Rajdhani,0
38,1,Sleeper,GN,Peak,Shatabdi,0
58,0,2A,Tatkal,Peak,Superfast,0
12,43,1A,GN,Peak,Express,0
33,22,2A,Ladies,Peak,Rajdhani,0
29,27,1A,GN,Peak,Shatabdi,0
51,33,2A,GN,Peak,Express,0
15,3,2A,GN,Peak,Superfast,0
60,16,1A,Ladies,Off-peak,Rajdhani,0
56,10,2A,GN,Peak,Superfast,0
26,39,Sleeper,Ladies,Peak,Express,1
60,16,Sleeper,GN,Off-peak,Express,0
17,12,2A,GN,Peak,Shatabdi,0
36,21,Sleeper,GN,Off-peak,Rajdhani,1
52,36,Sleeper,Tatkal,Peak,Express,0
39,39,Sleeper,Ladies,Off-peak,Shatabdi,0
18,2,Sleeper,GN,Off-peak,Shatabdi,0
42,22,1A,Tatkal,Off-peak,Shatabdi,0
2,3,Sleeper,GN,Off-peak,Rajdhani,1
36,30,Sleeper,Tatkal,Off-peak,Shatabdi,0
28,44,1A,Ladies,Peak,Rajdhani,0
29,7,2A,Tatkal,Peak,Superfast,0
28,3,3A,GN,Peak,Rajdhani,0
15,26,Sleeper,GN,Peak,Rajdhani,1
5,3,3A,Tatkal,Peak,Superfast,0
3,20,2A,Ladies,Peak,Superfast,1
9,38,1A,Tatkal,Peak,Rajdhani,0
5,16,3A,Tatkal,Off-peak,Shatabdi,0
29,45,2A,Tatkal,Off-peak,Shatabdi,0
34,17,2A,Ladies,Peak,Rajdhani,0
23,26,1A,Tatkal,Peak,Shatabdi,0
59,8,3A,Tatkal,Peak,Rajdhani,0
24,9,Sleeper,GN,Off-peak,Express,1
8,1,1A,GN,Off-peak,Superfast,0
38,24,2A,GN,Peak,Superfast,0
55,39,1A,Tatkal,Peak,Express,0
25,28,Sleeper,GN,Peak,Express,1
12,42,1A,Ladies,Peak,Superfast,0
3,34,2A,GN,Off-peak,Superfast,1
52,37,3A,GN,Off-peak,Express,0
56,27,Sleeper,GN,Off-peak,Superfast,1
55,34,1A,Tatkal,Off-peak,Shatabdi,0
25,29,3A,GN,Peak,Superfast,1
52,43,2A,GN,Peak,Superfast,0
22,36,1A,GN,Off-peak,Superfast,0
18,42,2A,Ladies,Peak,Rajdhani,0
20,36,2A,Tatkal,Peak,Express,0
30,1,1A,GN,Off-peak,Rajdhani,0
23,30,3A,Tatkal,Peak,Rajdhani,0
18,39,2A,GN,Off-peak,Shatabdi,0
17,17,2A,Tatkal,Peak,Shatabdi,0
41,11,3A,Ladies,Peak,Shatabdi,0
8,41,Sleeper,GN,Off-peak,Superfast,1
3,35,3A,GN,Off-peak,Superfast,1
2,43,2A,Ladies,Peak,Shatabdi,1
23,6,Sleeper,Ladies,Off-peak,Rajdhani,0
33,4,3A,GN,Off-peak,Superfast,0
54,43,1A,GN,Off-peak,Superfast,0
10,1,2A,Ladies,Off-peak,Superfast,0
27,41,2A,Tatkal,Off-peak,Rajdhani,0
11,23,Sleeper,Tatkal,Peak,Rajdhani,0
7,38,3A,Tatkal,Off-peak,Shatabdi,0
25,37,Sleeper,Ladies,Peak,Express,1
49,41,Sleeper,GN,Peak,Express,0
35,7,Sleeper,Ladies,Off-peak,Express,1
21,17,3A,Ladies,Off-peak,Shatabdi,0
22,15,2A,GN,Off-peak,Superfast,0
48,7,3A,Tatkal,Off-peak,Superfast,0
6,22,Sleeper,Tatkal,Off-peak,Shatabdi,0
29,26,3A,Ladies,Peak,Shatabdi,0
50,26,3A,Ladies,Off-peak,Superfast,0
22,20,Sleeper,GN,Off-peak,Express,1
33,9,1A,Ladies,Peak,Shatabdi,0
57,29,Sleeper,GN,Peak,Express,0
17,35,1A,Ladies,Peak,Shatabdi,0
56,2,1A,GN,Peak,Rajdhani,0
9,32,1A,Tatkal,Off-peak,Shatabdi,0
26,44,3A,Ladies,Off-peak,Rajdhani,1
22,21,Sleeper,Ladies,Peak,Rajdhani,0
48,22,1A,Tatkal,Off-peak,Express,0
19,30,3A,Ladies,Peak,Rajdhani,0
10,0,2A,Ladies,Off-peak,Express,0
21,28,3A,Ladies,Off-peak,Rajdhani,0
15,19,1A,Tatkal,Peak,Express,0
19,20,1A,Tatkal,Peak,Shatabdi,0
3,13,1A,Ladies,Off-peak,Superfast,1
7,22,2A,GN,Peak,Superfast,1
18,31,1A,GN,Peak,Superfast,0
59,16,Sleeper,GN,Off-peak,Shatabdi,0
7,13,3A,GN,Peak,Shatabdi,1
1,31,Sleeper,Tatkal,Peak,Superfast,0
37,27,1A,Ladies,Peak,Express,0
19,7,Sleeper,Tatkal,Off-peak,Express,1
17,5,3A,Tatkal,Peak,Superfast,0
52,5,3A,Ladies,Peak,Superfast,0
11,32,2A,Tatkal,Off-peak,Rajdhani,0
46,44,2A,GN,Off-peak,Rajdhani,0
60,45,2A,GN,Peak,Rajdhani,0
16,8,1A,GN,Peak,Superfast,0
31,9,1A,GN,Off-peak,Superfast,0
9,12,Sleeper,Ladies,Peak,Rajdhani,1
28,4,1A,Ladies,Peak,Shatabdi,0
3,26,2A,Ladies,Off-peak,Shatabdi,1
41,22,1A,Ladies,Peak,Superfast,0
54,14,2A,Ladies,Off-peak,Express,0
51,40,1A,Ladies,Off-peak,Express,0
19,6,3A,GN,Off-peak,Express,1
29,20,3A,Ladies,Off-peak,Rajdhani,0
12,29,2A,Ladies,Peak,Superfast,0
45,25,3A,Tatkal,Off-peak,Express,0
44,15,Sleeper,Tatkal,Off-peak,Shatabdi,0
57,26,Sleeper,Ladies,Off-peak,Superfast,0
44,20,1A,Tatkal,Off-peak,Express,0
26,16,Sleeper,Tatkal,Off-peak,Shatabdi,0
22,40,Sleeper,Tatkal,Off-peak,Express,0
15,36,3A,Ladies,Peak,Rajdhani,0
40,39,2A,GN,Peak,Rajdhani,0
52,24,Sleeper,Ladies,Off-peak,Superfast,0
50,35,Sleeper,Ladies,Peak,Shatabdi,0
24,34,3A,GN,Off-peak,Shatabdi,0
19,10,2A,Tatkal,Off-peak,Shatabdi,0
36,15,Sleeper,GN,Peak,Rajdhani,0
33,25,1A,GN,Peak,Superfast,0
20,1,3A,Ladies,Peak,Rajdhani,0
18,7,1A,Ladies,Off-peak,Shatabdi,0
53,17,Sleeper,GN,Peak,Express,0
2,0,3A,GN,Off-peak,Shatabdi,0
54,38,2A,Tatkal,Off-peak,Rajdhani,0
20,17,1A,GN,Peak,Superfast,0
42,36,1A,Tatkal,Off-peak,Express,0
6,14,1A,Ladies,Off-peak,Express,1
19,44,3A,Tatkal,Peak,Express,0
47,25,2A,Ladies,Peak,Express,0
15,36,Sleeper,Tatkal,Peak,Express,0
24,30,Sleeper,Ladies,Off-peak,Superfast,1
10,40,Sleeper,GN,Peak,Shatabdi,1
56,31,3A,GN,Peak,Express,0
40,30,3A,GN,Off-peak,Superfast,0
27,19,2A,GN,Peak,Superfast,0
45,36,1A,GN,Off-peak,Shatabdi,0
49,35,1A,Ladies,Off-peak,Superfast,0
42,15,2A,Tatkal,Off-peak,Rajdhani,0
59,6,1A,Ladies,Peak,Express,0
9,0,3A,Ladies,Peak,Shatabdi,0
13,28,Sleeper,GN,Off-peak,Express,1
11,40,1A,GN,Off-peak,Express,0
1,18,Sleeper,Tatkal,Off-peak,Superfast,1
34,20,2A,Ladies,Peak,Shatabdi,0
19,33,3A,Ladies,Off-peak,Superfast,0
31,29,3A,Tatkal,Peak,Shatabdi,0
34,45,1A,GN,Off-peak,Express,0
12,9,1A,GN,Peak,Superfast,0
45,12,3A,Ladies,Peak,Express,0
22,6,Sleeper,Ladies,Off-peak,Shatabdi,0
5,22,3A,Tatkal,Peak,Shatabdi,0
18,18,1A,Ladies,Off-peak,Superfast,0
40,25,2A,Ladies,Peak,Rajdhani,0
38,9,Sleeper,Ladies,Peak,Superfast,1
12,16,Sleeper,GN,Off-peak,Superfast,1
37,37,2A,Ladies,Off-peak,Shatabdi,0
11,0,3A,GN,Peak,Shatabdi,0
10,10,1A,GN,Off-peak,Rajdhani,0
58,3,3A,Ladies,Off-peak,Express,0
43,30,2A,Tatkal,Peak,Shatabdi,0
36,25,1A,Tatkal,Off-peak,Superfast,0
20,33,2A,Ladies,Peak,Shatabdi,0
11,40,2A,Ladies,Peak,Express,0
36,28,1A,Ladies,Off-peak,Rajdhani,0
36,27,2A,GN,Peak,Superfast,0
55,29,2A,Ladies,Off-peak,Shatabdi,0
40,35,3A,Tatkal,Off-peak,Shatabdi,0
60,0,3A,Tatkal,Off-peak,Shatabdi,0
1,37,2A,Tatkal,Peak,Superfast,1
59,16,Sleeper,Ladies,Off-peak,Rajdhani,0
42,17,1A,Tatkal,Peak,Superfast,0
18,40,Sleeper,Ladies,Peak,Express,1
39,40,1A,Tatkal,Peak,Express,0
48,41,Sleeper,GN,Off-peak,Rajdhani,0
40,45,3A,Ladies,Peak,Shatabdi,0
6,26,Sleeper,GN,Off-peak,Rajdhani,1
21,6,2A,GN,Peak,Superfast,0
54,43,2A,Ladies,Peak,Superfast,0
34,0,1A,Tatkal,Peak,Rajdhani,0
13,32,3A,Ladies,Off-peak,Rajdhani,1
12,28,Sleeper,Tatkal,Peak,Express,0
12,40,Sleeper,Tatkal,Off-peak,Superfast,0
8,21,1A,Ladies,Peak,Express,0
6,7,Sleeper,GN,Peak,Shatabdi,1
21,37,Sleeper,GN,Peak,Shatabdi,1
41,23,1A,GN,Peak,Superfast,0
54,43,3A,Ladies,Peak,Superfast,0
4,24,2A,GN,Off-peak,Shatabdi,1
37,20,1A,GN,Peak,Superfast,0
57,12,3A,Tatkal,Off-peak,Express,0
17,5,1A,Tatkal,Off-peak,Superfast,0
50,41,1A,Ladies,Peak,Rajdhani,0
54,37,1A,GN,Peak,Express,0
23,41,2A,GN,Off-peak,Superfast,0
6,32,3A,Tatkal,Peak,Express,0
17,2,Sleeper,Ladies,Peak,Express,0
9,29,2A,Tatkal,Off-peak,Rajdhani,0
21,44,Sleeper,Ladies,Off-peak,Rajdhani,1
11,26,1A,Tatkal,Off-peak,Rajdhani,0
12,22,2A,GN,Off-peak,Shatabdi,1
49,1,1A,Ladies,Off-peak,Express,0
47,25,1A,GN,Off-peak,Superfast,0
39,21,1A,Ladies,Off-peak,Superfast,0
3,14,Sleeper,Tatkal,Off-peak,Superfast,1
37,25,Sleeper,GN,Peak,Superfast,0
57,38,3A,Ladies,Peak,Shatabdi,0
43,21,Sleeper,GN,Off-peak,Shatabdi,0
52,22,1A,Tatkal,Peak,Express,0
1,42,3A,GN,Peak,Superfast,1
20,5,3A,GN,Peak,Express,0
6,15,3A,Ladies,Off-peak,Rajdhani,1
31,10,2A,GN,Off-peak,Express,0
45,13,1A,Ladies,Off-peak,Express,0
46,15,Sleeper,Tatkal,Peak,Superfast,0
49,8,1A,Tatkal,Off-peak,Express,0
39,25,Sleeper,Tatkal,Off-peak,Rajdhani,0
15,38,3A,GN,Off-peak,Superfast,1
22,32,Sleeper,Ladies,Off-peak,Rajdhani,1
42,14,3A,Tatkal,Peak,Rajdhani,0
14,19,1A,GN,Off-peak,Express,0
42,11,1A,GN,Off-peak,Superfast,0
25,43,1A,GN,Off-peak,Express,0
12,10,1A,Ladies,Peak,Express,0
52,5,2A,Ladies,Peak,Express,0
52,0,3A,Tatkal,Peak,Express,0
44,29,Sleeper,Tatkal,Off-peak,Express,0
50,3,2A,Tatkal,Off-peak,Rajdhani,0
39,28,2A,Tatkal,Off-peak,Superfast,0
8,11,1A,Ladies,Off-peak,Rajdhani,0
10,0,2A,Ladies,Off-peak,Shatabdi,0
33,39,1A,Tatkal,Peak,Express,0
19,2,Sleeper,Tatkal,Off-peak,Superfast,0
4,38,2A,Tatkal,Off-peak,Superfast,0
44,18,Sleeper,Ladies,Off-peak,Shatabdi,0
19,22,1A,GN,Off-peak,Superfast,0
20,40,Sleeper,Ladies,Peak,Superfast,1
47,2,1A,GN,Peak,Rajdhani,0
35,6,3A,Ladies,Peak,Express,0
28,17,2A,Tatkal,Peak,Express,0
3,4,2A,Tatkal,Peak,Shatabdi,0
39,40,Sleeper,Tatkal,Peak,Superfast,0
60,40,2A,Tatkal,Off-peak,Rajdhani,0
12,16,Sleeper,Tatkal,Peak,Shatabdi,0
37,16,2A,Ladies,Peak,Rajdhani,0
24,36,1A,GN,Off-peak,Superfast,0
48,44,3A,Tatkal,Peak,Express,0
59,11,2A,Tatkal,Peak,Express,0
14,1,1A,Ladies,Peak,Superfast,0
18,29,2A,GN,Peak,Shatabdi,0
2,45,2A,GN,Peak,Superfast,1
47,45,1A,Ladies,Off-peak,Superfast,0
35,24,1A,Ladies,Peak,Superfast,0
22,20,2A,Tatkal,Peak,Express,0
55,31,3A,Ladies,Peak,Express,0
17,25,Sleeper,Ladies,Peak,Express,1
36,22,Sleeper,GN,Off-peak,Superfast,1
19,20,1A,Ladies,Off-peak,Rajdhani,0
10,39,3A,Ladies,Off-peak,Express,1
27,1,2A,Ladies,Off-peak,Shatabdi,0
25,34,3A,Tatkal,Peak,Rajdhani,0
26,13,3A,GN,Off-peak,Shatabdi,0
56,10,1A,Ladies,Off-peak,Superfast,0
49,13,1A,Ladies,Off-peak,Superfast,0
50,23,Sleeper,Ladies,Off-peak,Express,0
15,25,1A,Tatkal,Off-peak,Express,0
11,11,1A,Tatkal,Peak,Superfast,0
49,29,3A,Ladies,Peak,Express,0
38,41,1A,Tatkal,Off-peak,Shatabdi,0
41,1,3A,GN,Peak,Express,0
2,20,3A,GN,Off-peak,Rajdhani,1
24,1,1A,Ladies,Peak,Shatabdi,0
30,23,3A,GN,Off-peak,Shatabdi,0
21,8,2A,GN,Peak,Shatabdi,0
37,29,1A,GN,Off-peak,Shatabdi,0
51,11,1A,Ladies,Peak,Superfast,0
56,10,3A,Tatkal,Peak,Rajdhani,0
48,2,1A,Ladies,Off-peak,Express,0
5,26,2A,Ladies,Peak,Rajdhani,1
29,30,Sleeper,Tatkal,Off-peak,Rajdhani,0
24,25,1A,Tatkal,Peak,Rajdhani,0
10,16,Sleeper,Ladies,Peak,Superfast,1
27,42,2A,GN,Peak,Express,0
14,16,Sleeper,Tatkal,Peak,Express,0
58,45,1A,GN,Off-peak,Superfast,0
19,44,1A,Tatkal,Off-peak,Superfast,0
37,17,Sleeper,GN,Peak,Superfast,0
2,14,2A,Ladies,Off-peak,Superfast,1
20,45,3A,Ladies,Off-peak,Express,0
46,28,2A,GN,Peak,Shatabdi,0
39,18,1A,Tatkal,Peak,Rajdhani,0
55,13,2A,GN,Peak,Superfast,0
24,32,1A,Tatkal,Peak,Superfast,0
42,9,2A,Ladies,Off-peak,Express,0
56,31,3A,Ladies,Off-peak,Shatabdi,0
31,24,Sleeper,Ladies,Peak,Superfast,0
15,19,3A,GN,Peak,Superfast,1
39,7,3A,Tatkal,Off-peak,Express,0
37,40,Sleeper,Ladies,Peak,Shatabdi,0
24,42,Sleeper,Tatkal,Peak,Superfast,0
33,4,2A,Ladies,Peak,Rajdhani,0
29,36,3A,GN,Off-peak,Shatabdi,0
45,41,3A,GN,Off-peak,Shatabdi,0
3,38,2A,Ladies,Off-peak,Rajdhani,1
48,12,Sleeper,GN,Off-peak,Rajdhani,0
14,14,3A,Ladies,Off-peak,Express,1
7,34,Sleeper,Tatkal,Peak,Shatabdi,0
31,7,1A,GN,Off-peak,Shatabdi,0
7,34,3A,Ladies,Off-peak,Superfast,1
37,0,1A,GN,Off-peak,Shatabdi,0
38,40,1A,GN,Off-peak,Express,0
39,17,1A,Ladies,Peak,Superfast,0
33,30,2A,Ladies,Off-peak,Superfast,0
56,34,3A,Tatkal,Off-peak,Superfast,0
41,28,Sleeper,GN,Off-peak,Rajdhani,1
21,32,1A,Tatkal,Peak,Shatabdi,0
5,27,2A,GN,Off-peak,Superfast,1
41,43,3A,GN,Peak,Shatabdi,0
14,19,2A,Tatkal,Off-peak,Rajdhani,0
44,19,3A,Ladies,Peak,Superfast,0
11,12,1A,GN,Peak,Shatabdi,0
21,33,1A,Ladies,Off-peak,Superfast,0
15,16,1A,Tatkal,Off-peak,Shatabdi,0
20,21,2A,Ladies,Off-peak,Express,0
20,27,1A,Tatkal,Peak,Express,0
4,26,2A,Ladies,Peak,Express,1
50,17,Sleeper,Ladies,Peak,Shatabdi,0
43,45,2A,Tatkal,Off-peak,Rajdhani,0
21,27,1A,Tatkal,Peak,Shatabdi,0
40,32,1A,Tatkal,Peak,Rajdhani,0
16,10,2A,Ladies,Off-peak,Express,0
3,42,1A,Ladies,Off-peak,Shatabdi,0
18,38,1A,GN,Peak,Rajdhani,0
41,21,2A,Ladies,Off-peak,Express,0
60,18,Sleeper,Tatkal,Peak,Rajdhani,0
21,26,3A,GN,Off-peak,Shatabdi,0
36,5,1A,GN,Off-peak,Superfast,0
36,33,2A,Ladies,Peak,Shatabdi,0
50,4,2A,Tatkal,Off-peak,Shatabdi,0
12,20,1A,GN,Off-peak,Superfast,0
22,12,2A,Tatkal,Peak,Shatabdi,0
8,41,1A,Tatkal,Off-peak,Express,0
52,3,Sleeper,Ladies,Off-peak,Rajdhani,0
37,27,Sleeper,Ladies,Off-peak,Express,1
19,36,2A,Ladies,Peak,Rajdhani,0
37,5,Sleeper,Ladies,Peak,Rajdhani,0
37,29,3A,GN,Off-peak,Superfast,0
30,28,3A,Ladies,Off-peak,Rajdhani,0
12,41,2A,Tatkal,Off-peak,Rajdhani,0
26,36,2A,GN,Off-peak,Rajdhani,0
1,14,2A,Tatkal,Peak,Superfast,0
55,14,2A,Ladies,Off-peak,Shatabdi,0
50,36,2A,Ladies,Peak,Shatabdi,0
50,9,3A,Tatkal,Peak,Rajdhani,0
2,34,Sleeper,GN,Off-peak,Rajdhani,1
21,20,3A,Ladies,Peak,Shatabdi,0
20,10,1A,Tatkal,Peak,Shatabdi,0
50,22,Sleeper,GN,Off-peak,Rajdhani,0
54,24,Sleeper,Tatkal,Peak,Express,0
4,28,1A,Tatkal,Peak,Shatabdi,0
50,24,Sleeper,GN,Peak,Rajdhani,0
11,13,Sleeper,Tatkal,Off-peak,Superfast,0
27,12,3A,GN,Off-peak,Express,0
17,32,Sleeper,Tatkal,Peak,Rajdhani,0
25,26,1A,GN,Off-peak,Superfast,0
20,4,1A,Ladies,Off-peak,Shatabdi,0
45,5,1A,Tatkal,Peak,Superfast,0
47,41,2A,GN,Peak,Shatabdi,0
12,36,Sleeper,GN,Peak,Shatabdi,1
45,30,Sleeper,GN,Peak,Superfast,0
24,39,1A,GN,Off-peak,Shatabdi,0
12,33,3A,Ladies,Peak,Superfast,1
57,7,3A,GN,Off-peak,Shatabdi,0
20,25,2A,Tatkal,Off-peak,Rajdhani,0
51,1,2A,GN,Off-peak,Rajdhani,0
48,9,1A,GN,Off-peak,Shatabdi,0
11,6,Sleeper,Tatkal,Peak,Rajdhani,0
27,4,Sleeper,Tatkal,Off-peak,Express,0
55,34,1A,GN,Peak,Superfast,0
31,30,2A,GN,Off-peak,Superfast,0
40,42,Sleeper,Tatkal,Off-peak,Shatabdi,0
9,14,3A,GN,Peak,Rajdhani,1
48,6,1A,Tatkal,Peak,Shatabdi,0
15,16,3A,Ladies,Off-peak,Superfast,1
46,29,2A,GN,Off-peak,Express,0
24,42,3A,Ladies,Peak,Express,0
41,3,3A,GN,Peak,Shatabdi,0
41,2,3A,GN,Off-peak,Superfast,0
1,36,1A,Tatkal,Off-peak,Shatabdi,0
41,36,1A,Tatkal,Peak,Express,0
40,16,1A,GN,Off-peak,Superfast,0
22,11,2A,Tatkal,Off-peak,Express,0
43,6,2A,Ladies,Off-peak,Rajdhani,0
51,23,1A,Ladies,Peak,Shatabdi,0
7,14,1A,GN,Peak,Superfast,0
9,22,2A,Tatkal,Off-peak,Rajdhani,0
56,32,3A,Tatkal,Peak,Shatabdi,0
54,43,3A,GN,Peak,Superfast,0
34,38,3A,Ladies,Peak,Superfast,0
35,14,3A,Tatkal,Peak,Rajdhani,0
44,10,3A,Ladies,Peak,Express,0
55,12,2A,GN,Off-peak,Superfast,0
25,33,1A,Tatkal,Off-peak,Superfast,0
9,19,Sleeper,GN,Off-peak,Superfast,1
14,39,Sleeper,GN,Off-peak,Shatabdi,1
10,30,3A,GN,Off-peak,Shatabdi,1
42,26,1A,Ladies,Peak,Shatabdi,0
54,22,Sleeper,GN,Off-peak,Shatabdi,0
58,25,Sleeper,Ladies,Peak,Shatabdi,0
29,9,2A,Tatkal,Peak,Rajdhani,0
34,19,Sleeper,Ladies,Off-peak,Shatabdi,1
43,28,2A,GN,Off-peak,Shatabdi,0
5,21,2A,GN,Off-peak,Superfast,1
8,40,1A,Tatkal,Peak,Express,0
49,18,3A,Ladies,Peak,Rajdhani,0
47,38,2A,GN,Off-peak,Express,0
27,3,Sleeper,Tatkal,Off-peak,Superfast,0
41,32,2A,Tatkal,Off-peak,Superfast,0
6,0,Sleeper,Ladies,Off-peak,Shatabdi,0
38,31,3A,Ladies,Off-peak,Superfast,0
7,45,1A,Ladies,Off-peak,Express,0
3,38,Sleeper,Ladies,Peak,Rajdhani,1
8,15,2A,Ladies,Off-peak,Express,1
46,2,2A,Ladies,Off-peak,Express,0
37,33,Sleeper,Tatkal,Off-peak,Rajdhani,0
14,36,3A,GN,Off-peak,Rajdhani,1
19,26,Sleeper,Ladies,Off-peak,Superfast,1
23,43,2A,Tatkal,Peak,Superfast,0
29,3,2A,Tatkal,Off-peak,Shatabdi,0
14,35,2A,Ladies,Off-peak,Superfast,0
50,11,1A,GN,Off-peak,Superfast,0
40,34,3A,Tatkal,Off-peak,Rajdhani,0
59,5,1A,Tatkal,Off-peak,Shatabdi,0
49,24,3A,Tatkal,Off-peak,Superfast,0
22,28,2A,GN,Peak,Superfast,0
2,7,3A,Ladies,Off-peak,Superfast,1
49,35,3A,Tatkal,Peak,Shatabdi,0
6,5,1A,Tatkal,Peak,Superfast,0
35,22,1A,GN,Off-peak,Rajdhani,0
55,18,Sleeper,Tatkal,Peak,Express,0
53,2,3A,Ladies,Peak,Superfast,0
2,31,3A,Ladies,Peak,Shatabdi,1
57,14,1A,Ladies,Peak,Shatabdi,0
1,18,3A,GN,Off-peak,Express,1
27,35,3A,Tatkal,Peak,Express,0
41,36,1A,Ladies,Off-peak,Superfast,0
52,16,1A,Tatkal,Off-peak,Shatabdi,0
21,34,2A,GN,Peak,Superfast,0
56,44,3A,Ladies,Peak,Rajdhani,0
59,32,1A,Ladies,Off-peak,Rajdhani,0
52,38,3A,Ladies,Off-peak,Shatabdi,0
30,17,Sleeper,Tatkal,Off-peak,Express,0
38,27,Sleeper,GN,Peak,Express,0
36,41,Sleeper,Tatkal,Off-peak,Shatabdi,0
5,43,2A,GN,Off-peak,Superfast,1
58,1,1A,Tatkal,Peak,Express,0
14,42,1A,Tatkal,Off-peak,Superfast,0
15,36,1A,GN,Off-peak,Rajdhani,0
40,3,2A,Ladies,Peak,Rajdhani,0
40,4,1A,Ladies,Peak,Shatabdi,0
16,38,3A,GN,Peak,Express,1
47,7,2A,GN,Peak,Express,0
37,44,1A,Tatkal,Off-peak,Express,0
9,21,3A,GN,Off-peak,Superfast,1
12,45,1A,Tatkal,Off-peak,Rajdhani,0
12,16,1A,GN,Peak,Superfast,0
42,40,Sleeper,Tatkal,Off-peak,Rajdhani,0
34,16,Sleeper,Ladies,Peak,Rajdhani,0
44,23,Sleeper,GN,Peak,Rajdhani,0
1,20,1A,Tatkal,Peak,Superfast,0
55,4,3A,GN,Off-peak,Shatabdi,0
35,13,2A,GN,Peak,Superfast,0
37,11,1A,Ladies,Peak,Shatabdi,0
53,28,Sleeper,Ladies,Peak,Rajdhani,0
52,19,2A,GN,Off-peak,Shatabdi,0
38,33,3A,GN,Off-peak,Shatabdi,1
39,9,2A,Tatkal,Off-peak,Express,0
8,42,Sleeper,Tatkal,Peak,Superfast,0
10,15,1A,GN,Off-peak,Rajdhani,0
23,3,1A,Ladies,Peak,Rajdhani,0
43,41,2A,Ladies,Off-peak,Shatabdi,0
19,20,3A,Tatkal,Peak,Superfast,0
41,27,1A,Tatkal,Off-peak,Rajdhani,0
32,1,1A,GN,Off-peak,Express,0
40,24,2A,Tatkal,Off-peak,Rajdhani,0
34,2,3A,GN,Off-peak,Shatabdi,0
42,20,Sleeper,Ladies,Peak,Rajdhani,0
20,24,3A,Tatkal,Peak,Express,0
48,32,3A,Ladies,Off-peak,Rajdhani,0
59,13,Sleeper,Tatkal,Peak,Shatabdi,0
46,20,Sleeper,Ladies,Peak,Express,1
14,36,Sleeper,GN,Off-peak,Shatabdi,1
58,44,Sleeper,Tatkal,Peak,Shatabdi,0
43,21,3A,Tatkal,Peak,Superfast,0
59,25,Sleeper,GN,Peak,Shatabdi,0
40,42,2A,Tatkal,Off-peak,Shatabdi,0
57,41,2A,Tatkal,Peak,Express,0
53,26,1A,Tatkal,Peak,Express,0
17,38,Sleeper,Ladies,Off-peak,Rajdhani,1
45,28,3A,Ladies,Peak,Rajdhani,0
41,7,Sleeper,GN,Off-peak,Rajdhani,0
12,34,2A,GN,Off-peak,Express,1
19,34,2A,Tatkal,Off-peak,Rajdhani,0
49,7,1A,GN,Peak,Express,0
13,8,Sleeper,Tatkal,Off-peak,Rajdhani,0
8,14,Sleeper,Tatkal,Peak,Rajdhani,0
49,44,Sleeper,GN,Off-peak,Superfast,1
29,9,1A,Ladies,Peak,Shatabdi,0
50,13,2A,GN,Peak,Shatabdi,0
22,16,3A,Tatkal,Off-peak,Shatabdi,0
58,41,Sleeper,Tatkal,Off-peak,Shatabdi,0
19,32,Sleeper,GN,Peak,Shatabdi,1
22,42,1A,GN,Off-peak,Rajdhani,0
54,15,2A,Ladies,Peak,Shatabdi,0
36,20,Sleeper,GN,Peak,Express,1
34,34,Sleeper,Ladies,Peak,Superfast,0
24,2,3A,GN,Peak,Rajdhani,0
25,0,Sleeper,Tatkal,Peak,Shatabdi,0
49,40,Sleeper,Ladies,Peak,Rajdhani,0
42,30,1A,Tatkal,Off-peak,Express,0
59,15,1A,Ladies,Off-peak,Superfast,0
41,29,1A,GN,Off-peak,Superfast,0
15,9,2A,Ladies,Peak,Express,0
17,10,2A,Ladies,Peak,Express,0
52,19,3A,GN,Off-peak,Express,0
46,34,3A,Tatkal,Peak,Superfast,0
14,25,1A,Tatkal,Off-peak,Express,0
29,24,1A,Tatkal,Off-peak,Superfast,0
43,25,3A,Ladies,Peak,Shatabdi,0
14,45,3A,Ladies,Peak,Superfast,0
58,29,1A,Tatkal,Off-peak,Shatabdi,0
26,9,1A,GN,Off-peak,Superfast,0
58,39,1A,GN,Peak,Shatabdi,0
22,35,3A,Ladies,Off-peak,Express,0
12,28,Sleeper,Ladies,Peak,Express,1
37,42,3A,Tatkal,Peak,Express,0
37,12,3A,Tatkal,Off-peak,Express,0
16,8,1A,Tatkal,Peak,Rajdhani,0
51,4,Sleeper,GN,Peak,Rajdhani,0
22,5,2A,Tatkal,Peak,Shatabdi,0
14,19,Sleeper,Tatkal,Off-peak,Express,0
31,21,3A,Tatkal,Off-peak,Rajdhani,0
52,35,3A,GN,Peak,Express,0
8,34,1A,GN,Off-peak,Superfast,0
45,15,Sleeper,Ladies,Peak,Express,0
7,2,3A,Tatkal,Off-peak,Express,0
31,10,Sleeper,Ladies,Off-peak,Express,1
38,36,3A,Tatkal,Peak,Express,0
43,36,2A,Tatkal,Peak,Superfast,0
5,11,3A,Ladies,Off-peak,Express,1
59,9,Sleeper,Ladies,Peak,Superfast,0
19,45,Sleeper,Tatkal,Off-peak,Rajdhani,0
40,37,1A,GN,Off-peak,Superfast,0
13,32,2A,Ladies,Peak,Express,0
21,10,Sleeper,Ladies,Peak,Superfast,1
17,28,1A,Tatkal,Peak,Superfast,0
48,42,1A,Ladies,Peak,Superfast,0
36,2,3A,Ladies,Peak,Rajdhani,0
20,24,3A,Tatkal,Off-peak,Express,0
3,44,2A,Ladies,Off-peak,Superfast,1
24,32,1A,Tatkal,Off-peak,Shatabdi,0
23,16,3A,Tatkal,Off-peak,Superfast,0
6,28,Sleeper,Ladies,Off-peak,Rajdhani,1
2,8,Sleeper,GN,Peak,Shatabdi,1
24,4,3A,Ladies,Peak,Rajdhani,0
56,4,Sleeper,Ladies,Peak,Superfast,0
56,39,Sleeper,GN,Off-peak,Superfast,0
51,42,Sleeper,Ladies,Peak,Rajdhani,0
46,8,3A,Ladies,Peak,Shatabdi,0
6,45,Sleeper,GN,Off-peak,Shatabdi,1
14,3,Sleeper,Tatkal,Off-peak,Shatabdi,0
31,12,1A,Ladies,Peak,Express,0
19,43,Sleeper,Tatkal,Peak,Rajdhani,0
6,11,3A,Tatkal,Peak,Shatabdi,0
45,7,Sleeper,GN,Peak,Superfast,0
49,14,3A,Tatkal,Off-peak,Express,0
33,40,2A,GN,Off-peak,Superfast,0
53,22,3A,Ladies,Peak,Superfast,0
19,10,Sleeper,GN,Peak,Express,1
23,3,1A,GN,Off-peak,Rajdhani,0
48,43,Sleeper,Tatkal,Off-peak,Rajdhani,0
37,16,2A,Tatkal,Off-peak,Express,0
24,31,2A,Tatkal,Off-peak,Shatabdi,0
15,37,3A,GN,Off-peak,Express,1
30,29,2A,Tatkal,Off-peak,Express,0
29,9,3A,Ladies,Off-peak,Express,0
2,8,2A,Tatkal,Peak,Express,0
24,0,1A,Ladies,Peak,Shatabdi,0
38,11,3A,GN,Peak,Express,0
31,9,2A,Tatkal,Peak,Rajdhani,0
32,25,3A,Tatkal,Off-peak,Shatabdi,0
13,31,1A,Tatkal,Off-peak,Shatabdi,0
32,42,Sleeper,Tatkal,Peak,Rajdhani,0
21,45,1A,Ladies,Off-peak,Shatabdi,0
16,33,1A,GN,Off-peak,Express,0
1,19,3A,Tatkal,Off-peak,Express,1
40,7,3A,Ladies,Off-peak,Superfast,0
47,23,3A,Tatkal,Off-peak,Rajdhani,0
2,28,2A,Tatkal,Peak,Shatabdi,0
21,44,3A,Tatkal,Off-peak,Superfast,0
36,21,2A,Ladies,Peak,Shatabdi,0
21,40,3A,Ladies,Peak,Shatabdi,0
32,36,1A,GN,Off-peak,Rajdhani,0
25,9,2A,GN,Off-peak,Express,0
39,17,Sleeper,Tatkal,Off-peak,Shatabdi,0
51,17,3A,Tatkal,Peak,Express,0
16,14,Sleeper,Tatkal,Off-peak,Express,0
36,9,2A,Tatkal,Off-peak,Superfast,0
39,34,3A,Ladies,Peak,Rajdhani,0
19,3,3A,Ladies,Off-peak,Shatabdi,0
51,24,1A,Ladies,Peak,Superfast,0
17,13,3A,Tatkal,Peak,Rajdhani,0
42,41,1A,GN,Off-peak,Express,0
50,9,1A,Ladies,Off-peak,Shatabdi,0
39,28,2A,GN,Off-peak,Express,0
18,12,1A,Tatkal,Peak,Shatabdi,0
21,1,Sleeper,GN,Off-peak,Express,0
24,9,2A,Ladies,Off-peak,Rajdhani,0
41,27,2A,Tatkal,Peak,Superfast,0
40,2,2A,Tatkal,Peak,Rajdhani,0
47,45,3A,Tatkal,Peak,Rajdhani,0
9,9,Sleeper,Ladies,Peak,Shatabdi,1
6,23,2A,Tatkal,Peak,Express,0
22,4,1A,Tatkal,Peak,Express,0
42,25,3A,Ladies,Peak,Shatabdi,0
29,10,Sleeper,Tatkal,Peak,Shatabdi,0
4,41,Sleeper,GN,Peak,Express,1
3,2,3A,GN,Peak,Shatabdi,0
33,20,2A,Tatkal,Off-peak,Rajdhani,0
33,18,1A,GN,Off-peak,Rajdhani,0
3,12,Sleeper,GN,Peak,Express,1
1,22,Sleeper,Ladies,Off-peak,Shatabdi,1
26,13,3A,Ladies,Peak,Superfast,0
18,35,2A,Ladies,Off-peak,Shatabdi,0
54,12,2A,Tatkal,Peak,Superfast,0
58,16,1A,GN,Off-peak,Express,0
2,28,1A,GN,Peak,Rajdhani,1
3,24,Sleeper,Ladies,Peak,Shatabdi,1
49,36,2A,Ladies,Peak,Superfast,0
24,29,Sleeper,Ladies,Peak,Superfast,0
14,32,Sleeper,Tatkal,Peak,Shatabdi,0
54,11,2A,GN,Off-peak,Express,0
47,20,1A,Tatkal,Peak,Express,0
31,35,2A,Ladies,Peak,Rajdhani,0
40,6,Sleeper,GN,Peak,Rajdhani,0
18,0,2A,Tatkal,Off-peak,Shatabdi,0
7,3,2A,GN,Peak,Express,0
48,23,Sleeper,Tatkal,Off-peak,Rajdhani,0
20,2,Sleeper,Tatkal,Peak,Superfast,0
30,13,Sleeper,Ladies,Peak,Express,1
12,0,Sleeper,GN,Peak,Express,0
56,37,2A,Tatkal,Peak,Express,0
5,44,3A,GN,Peak,Express,1
44,24,Sleeper,GN,Off-peak,Express,1
54,29,1A,GN,Peak,Rajdhani,0
43,4,2A,Ladies,Off-peak,Express,0
13,17,Sleeper,Ladies,Off-peak,Shatabdi,1
16,44,1A,GN,Peak,Express,0
36,44,1A,GN,Peak,Superfast,0
24,5,2A,Tatkal,Off-peak,Shatabdi,0
24,42,2A,Ladies,Peak,Superfast,0
48,40,2A,Tatkal,Peak,Express,0
24,29,2A,Tatkal,Peak,Express,0
44,34,1A,Tatkal,Off-peak,Rajdhani,0
39,16,3A,Tatkal,Off-peak,Express,0
29,34,3A,GN,Off-peak,Shatabdi,0
39,21,3A,Ladies,Peak,Shatabdi,0
53,44,1A,GN,Off-peak,Rajdhani,0
33,34,Sleeper,Ladies,Peak,Rajdhani,1
17,35,3A,Ladies,Peak,Superfast,1
32,7,2A,Ladies,Off-peak,Express,0
34,42,1A,GN,Off-peak,Express,0
45,6,3A,Ladies,Off-peak,Shatabdi,0
54,44,3A,Ladies,Peak,Rajdhani,0
32,9,Sleeper,Ladies,Off-peak,Shatabdi,1
49,25,2A,GN,Peak,Shatabdi,0
2,1,Sleeper,Tatkal,Peak,Shatabdi,0
12,43,Sleeper,GN,Off-peak,Express,1
8,27,2A,Ladies,Off-peak,Rajdhani,1
45,38,2A,Tatkal,Off-peak,Superfast,0
14,19,1A,Ladies,Off-peak,Rajdhani,0
44,31,Sleeper,Tatkal,Off-peak,Superfast,0
2,16,1A,Tatkal,Peak,Express,0
45,37,2A,Ladies,Off-peak,Rajdhani,0
25,2,1A,GN,Off-peak,Superfast,0
35,5,Sleeper,GN,Peak,Express,0
25,21,3A,Ladies,Off-peak,Rajdhani,0
21,19,1A,GN,Off-peak,Rajdhani,0
1,43,3A,Ladies,Peak,Express,1
5,32,3A,Tatkal,Off-peak,Express,1
52,34,Sleeper,Tatkal,Peak,Express,0
12,28,2A,GN,Peak,Superfast,0
39,21,1A,GN,Peak,Rajdhani,0
13,30,1A,GN,Peak,Express,0
50,41,3A,Tatkal,Peak,Superfast,0
12,14,2A,Ladies,Off-peak,Shatabdi,0
46,28,Sleeper,GN,Peak,Shatabdi,0
9,38,Sleeper,Tatkal,Off-peak,Superfast,0
51,44,1A,GN,Off-peak,Rajdhani,0
27,30,Sleeper,Tatkal,Off-peak,Express,0
5,4,Sleeper,Tatkal,Off-peak,Express,1
26,32,3A,GN,Peak,Rajdhani,0
11,5,3A,Ladies,Peak,Express,0
43,34,2A,Ladies,Off-peak,Express,0
5,42,3A,Ladies,Off-peak,Rajdhani,1
36,2,3A,GN,Peak,Superfast,0
9,44,1A,GN,Off-peak,Rajdhani,0
33,0,Sleeper,Ladies,Off-peak,Rajdhani,0
20,8,2A,GN,Off-peak,Shatabdi,0
13,42,1A,Tatkal,Off-peak,Shatabdi,0
7,11,1A,Ladies,Peak,Shatabdi,0
43,8,3A,GN,Off-peak,Rajdhani,0
37,10,3A,Ladies,Off-peak,Superfast,0
15,16,1A,GN,Off-peak,Rajdhani,0
56,20,1A,GN,Peak,Superfast,0
26,28,3A,Ladies,Peak,Express,0
40,32,1A,Ladies,Peak,Shatabdi,0
39,33,2A,Tatkal,Peak,Express,0
39,1,1A,GN,Peak,Shatabdi,0
50,41,Sleeper,Tatkal,Off-peak,Express,0
18,29,2A,Tatkal,Off-peak,Superfast,0
55,30,1A,Tatkal,Peak,Express,0
22,5,1A,Tatkal,Peak,Superfast,0
41,17,2A,Tatkal,Peak,Superfast,0
60,20,3A,Ladies,Peak,Superfast,0
20,12,2A,Ladies,Off-peak,Superfast,0
17,38,1A,Ladies,Peak,Shatabdi,0
52,44,2A,GN,Off-peak,Superfast,0
14,29,3A,GN,Off-peak,Shatabdi,1
14,38,2A,GN,Off-peak,Superfast,1
16,25,1A,Ladies,Off-peak,Express,0
35,21,3A,Tatkal,Peak,Superfast,0
8,24,1A,GN,Peak,Shatabdi,0
52,16,1A,Tatkal,Off-peak,Express,0
13,17,Sleeper,Tatkal,Off-peak,Rajdhani,0
31,27,1A,Tatkal,Peak,Shatabdi,0
12,7,2A,GN,Peak,Rajdhani,0
18,6,2A,GN,Peak,Express,0
14,2,Sleeper,GN,Peak,Superfast,0
40,17,2A,Tatkal,Peak,Shatabdi,0
15,39,2A,Ladies,Off-peak,Shatabdi,0
10,1,2A,GN,Peak,Express,0
14,34,Sleeper,GN,Peak,Superfast,1
52,31,Sleeper,GN,Peak,Express,0
15,15,1A,Ladies,Peak,Shatabdi,0
59,14,2A,GN,Peak,Shatabdi,0
43,19,1A,Ladies,Off-peak,Express,0
14,14,Sleeper,GN,Off-peak,Express,1
29,9,1A,Ladies,Off-peak,Rajdhani,0
35,17,3A,Ladies,Off-peak,Express,0
51,33,2A,Tatkal,Peak,Express,0
33,39,1A,Tatkal,Peak,Superfast,0
10,45,Sleeper,Ladies,Off-peak,Shatabdi,1
51,25,3A,GN,Off-peak,Superfast,0
26,17,3A,Ladies,Off-peak,Shatabdi,0
25,38,1A,GN,Peak,Rajdhani,0
29,45,Sleeper,Tatkal,Off-peak,Superfast,0
25,1,1A,Tatkal,Off-peak,Express,0
6,27,2A,Tatkal,Peak,Superfast,0
24,16,1A,GN,Peak,Shatabdi,0
55,37,3A,GN,Off-peak,Superfast,0
4,14,Sleeper,Ladies,Peak,Rajdhani,1
40,44,Sleeper,Tatkal,Peak,Superfast,0
29,9,2A,GN,Off-peak,Superfast,0
56,11,3A,Tatkal,Off-peak,Shatabdi,0
34,4,3A,GN,Peak,Shatabdi,0
19,35,1A,Tatkal,Peak,Shatabdi,0
2,12,Sleeper,GN,Peak,Superfast,1
53,11,Sleeper,Tatkal,Off-peak,Shatabdi,0
10,34,3A,GN,Peak,Superfast,1
55,10,2A,Ladies,Peak,Rajdhani,0
26,8,3A,GN,Off-peak,Shatabdi,0
55,8,3A,Ladies,Off-peak,Superfast,0
30,15,1A,GN,Peak,Shatabdi,0
11,40,Sleeper,GN,Off-peak,Shatabdi,1
1,18,1A,Ladies,Off-peak,Express,1
36,34,1A,Ladies,Off-peak,Superfast,0
51,38,1A,Tatkal,Off-peak,Shatabdi,0
33,31,3A,GN,Peak,Rajdhani,0
39,23,2A,GN,Off-peak,Express,0
25,19,2A,GN,Off-peak,Express,0
13,1,3A,Tatkal,Peak,Express,0
56,37,3A,Ladies,Off-peak,Express,0
16,9,Sleeper,GN,Off-peak,Superfast,1
32,25,1A,Ladies,Off-peak,Superfast,0
57,13,1A,GN,Off-peak,Rajdhani,0
16,9,Sleeper,Tatkal,Off-peak,Rajdhani,0
23,29,1A,Ladies,Off-peak,Rajdhani,0
39,18,2A,Ladies,Off-peak,Rajdhani,0
60,30,Sleeper,Tatkal,Off-peak,Shatabdi,0
20,32,3A,GN,Peak,Shatabdi,1
48,45,2A,GN,Peak,Shatabdi,0
41,33,2A,GN,Off-peak,Express,0
22,39,1A,Tatkal,Off-peak,Superfast,0
24,3,Sleeper,Tatkal,Off-peak,Express,0
49,32,Sleeper,Ladies,Peak,Shatabdi,0
60,24,2A,Ladies,Off-peak,Superfast,0
10,9,3A,GN,Off-peak,Superfast,1
26,14,Sleeper,GN,Off-peak,Rajdhani,1
9,12,1A,Ladies,Peak,Express,0
52,9,1A,Ladies,Off-peak,Shatabdi,0
1,4,3A,GN,Off-peak,Express,1
51,4,3A,Tatkal,Peak,Express,0
8,5,1A,Tatkal,Off-peak,Express,0
17,36,2A,Ladies,Off-peak,Shatabdi,0
43,43,2A,Ladies,Peak,Shatabdi,0
53,1,1A,Tatkal,Off-peak,Superfast,0
33,19,1A,Ladies,Off-peak,Rajdhani,0
38,19,2A,GN,Peak,Shatabdi,0
55,14,3A,Tatkal,Peak,Rajdhani,0
45,34,2A,Tatkal,Off-peak,Express,0
37,21,2A,GN,Peak,Shatabdi,0
40,30,Sleeper,Tatkal,Peak,Express,0
26,27,3A,Tatkal,Off-peak,Rajdhani,0
22,23,Sleeper,Tatkal,Peak,Express,0
57,31,1A,Ladies,Peak,Express,0
28,15,2A,GN,Peak,Superfast,0
11,38,2A,Ladies,Off-peak,Rajdhani,0
7,5,Sleeper,Ladies,Peak,Shatabdi,1
35,27,1A,GN,Peak,Rajdhani,0
1,30,3A,GN,Peak,Superfast,1
54,23,2A,Ladies,Peak,Rajdhani,0
11,19,2A,GN,Peak,Rajdhani,0
3,39,Sleeper,GN,Peak,Express,1
53,31,Sleeper,Tatkal,Off-peak,Rajdhani,0
54,39,2A,GN,Peak,Express,0
39,16,3A,Ladies,Peak,Express,0
39,14,2A,GN,Off-peak,Superfast,0
43,10,1A,Tatkal,Off-peak,Superfast,0
19,41,1A,Tatkal,Peak,Superfast,0
43,20,3A,GN,Off-peak,Shatabdi,0
46,9,Sleeper,GN,Peak,Rajdhani,0
10,6,1A,GN,Peak,Rajdhani,0
19,21,2A,Ladies,Peak,Express,0
28,26,Sleeper,Ladies,Off-peak,Shatabdi,0
58,30,Sleeper,Tatkal,Peak,Express,0
13,22,Sleeper,GN,Peak,Superfast,1
25,11,1A,Tatkal,Off-peak,Superfast,0
29,8,2A,Ladies,Off-peak,Superfast,0
59,36,3A,GN,Peak,Superfast,0
27,5,1A,Tatkal,Peak,Rajdhani,0
57,8,3A,Ladies,Off-peak,Superfast,0
59,12,3A,Tatkal,Peak,Rajdhani,0
41,23,2A,Ladies,Off-peak,Superfast,0
1,6,1A,Ladies,Peak,Shatabdi,0
10,21,2A,Ladies,Off-peak,Shatabdi,0
28,2,1A,Ladies,Off-peak,Express,0
3,18,2A,GN,Off-peak,Rajdhani,1
31,26,1A,Ladies,Peak,Superfast,0
54,37,3A,Tatkal,Off-peak,Superfast,0
58,41,Sleeper,GN,Off-peak,Express,0
17,0,3A,GN,Peak,Express,0
16,25,Sleeper,Tatkal,Peak,Rajdhani,0
52,17,1A,GN,Off-peak,Rajdhani,0
32,37,3A,Ladies,Off-peak,Rajdhani,0
55,15,1A,Ladies,Off-peak,Shatabdi,0
35,41,3A,GN,Off-peak,Rajdhani,0
22,41,3A,Tatkal,Peak,Rajdhani,0
9,16,3A,Ladies,Off-peak,Superfast,1
27,10,1A,GN,Peak,Superfast,0
7,18,2A,Ladies,Peak,Rajdhani,0
10,7,Sleeper,GN,Peak,Superfast,1
12,7,1A,Tatkal,Peak,Express,0
33,7,1A,Ladies,Off-peak,Rajdhani,0
23,5,2A,GN,Off-peak,Shatabdi,0
35,16,Sleeper,Ladies,Peak,Rajdhani,0
11,9,2A,GN,Peak,Express,1
60,40,2A,GN,Off-peak,Express,0
51,27,Sleeper,Ladies,Off-peak,Shatabdi,0
11,12,1A,Ladies,Peak,Shatabdi,0
54,42,1A,Ladies,Off-peak,Express,0
21,41,2A,GN,Peak,Rajdhani,0
29,12,Sleeper,Ladies,Off-peak,Rajdhani,1
43,23,2A,Tatkal,Peak,Superfast,0
56,29,Sleeper,GN,Peak,Rajdhani,0
38,8,1A,Tatkal,Off-peak,Rajdhani,0
40,2,2A,GN,Off-peak,Express,0
19,2,Sleeper,GN,Off-peak,Shatabdi,0
45,16,1A,GN,Off-peak,Superfast,0
55,26,Sleeper,Ladies,Off-peak,Rajdhani,0
32,19,2A,Tatkal,Peak,Rajdhani,0
19,20,3A,Ladies,Peak,Shatabdi,0
60,33,Sleeper,Tatkal,Peak,Rajdhani,0
17,21,2A,GN,Peak,Shatabdi,0
38,5,3A,GN,Off-peak,Superfast,0
54,35,Sleeper,Ladies,Off-peak,Superfast,0
7,25,Sleeper,Tatkal,Off-peak,Rajdhani,0
43,21,2A,Ladies,Peak,Shatabdi,0
5,6,Sleeper,GN,Off-peak,Rajdhani,1
31,23,1A,Ladies,Peak,Superfast,0
11,37,3A,GN,Off-peak,Shatabdi,1
12,41,Sleeper,Ladies,Peak,Express,1
14,45,3A,GN,Peak,Express,1
1,43,2A,Ladies,Peak,Express,1
36,15,Sleeper,Tatkal,Peak,Express,0
13,33,2A,Tatkal,Peak,Express,0
38,26,2A,Tatkal,Peak,Rajdhani,0
46,26,2A,Ladies,Off-peak,Rajdhani,0
8,25,3A,Ladies,Off-peak,Shatabdi,1
37,11,Sleeper,Ladies,Peak,Shatabdi,0
46,2,3A,GN,Peak,Rajdhani,0
44,25,3A,GN,Off-peak,Rajdhani,0
37,0,3A,Ladies,Peak,Rajdhani,0
27,6,2A,GN,Off-peak,Shatabdi,0
10,41,Sleeper,Tatkal,Off-peak,Express,1
25,42,2A,Tatkal,Peak,Shatabdi,0
14,24,2A,GN,Peak,Express,0
32,17,1A,GN,Off-peak,Rajdhani,0
28,29,3A,GN,Peak,Express,0
34,18,3A,Tatkal,Peak,Superfast,0
10,18,2A,GN,Off-peak,Rajdhani,1
31,33,Sleeper,Ladies,Off-peak,Superfast,1
20,41,3A,Tatkal,Peak,Superfast,0
54,30,1A,Tatkal,Peak,Express,0
15,28,3A,GN,Peak,Express,1
25,14,3A,GN,Off-peak,Superfast,1
34,16,Sleeper,Tatkal,Off-peak,Express,0
2,4,Sleeper,GN,Off-peak,Superfast,1
52,15,3A,Ladies,Off-peak,Rajdhani,0
10,1,2A,Ladies,Off-peak,Superfast,0
1,30,3A,GN,Peak,Superfast,1
47,27,2A,Ladies,Off-peak,Shatabdi,0
41,25,2A,GN,Off-peak,Express,0
40,12,3A,Tatkal,Peak,Superfast,0
23,30,3A,Ladies,Off-peak,Express,1
15,27,Sleeper,Ladies,Peak,Rajdhani,1
37,8,3A,Tatkal,Peak,Shatabdi,0
30,26,Sleeper,GN,Off-peak,Shatabdi,1
15,13,3A,Tatkal,Peak,Rajdhani,0
17,0,1A,GN,Off-peak,Express,0
58,13,Sleeper,Tatkal,Peak,Rajdhani,0
6,16,3A,GN,Off-peak,Superfast,1
35,10,Sleeper,Tatkal,Peak,Express,0
57,21,Sleeper,GN,Peak,Superfast,0
1,27,2A,Tatkal,Off-peak,Shatabdi,0
2,6,Sleeper,Ladies,Off-peak,Shatabdi,1
12,10,3A,Ladies,Peak,Shatabdi,0
13,13,3A,GN,Off-peak,Express,1
4,42,1A,GN,Peak,Rajdhani,0
8,13,2A,Ladies,Off-peak,Express,1
10,44,Sleeper,GN,Off-peak,Express,1
1,10,2A,GN,Peak,Express,1
7,5,3A,GN,Peak,Shatabdi,1
27,6,1A,GN,Peak,Superfast,0
46,33,2A,Tatkal,Peak,Shatabdi,0
29,27,3A,Ladies,Off-peak,Superfast,1
21,16,3A,Ladies,Peak,Shatabdi,0
26,18,1A,Ladies,Off-peak,Rajdhani,0
56,37,Sleeper,Ladies,Peak,Rajdhani,0
15,44,Sleeper,Ladies,Off-peak,Express,1
59,41,3A,GN,Peak,Shatabdi,0
52,8,3A,GN,Peak,Shatabdi,0
35,35,Sleeper,Tatkal,Peak,Superfast,0
17,21,3A,GN,Peak,Express,0
32,13,3A,GN,Peak,Shatabdi,0
40,28,Sleeper,Tatkal,Peak,Superfast,0
30,10,2A,Tatkal,Peak,Rajdhani,0
49,0,Sleeper,Ladies,Peak,Rajdhani,0
6,20,3A,Ladies,Peak,Rajdhani,1
45,12,1A,GN,Off-peak,Superfast,0
4,40,Sleeper,Ladies,Peak,Superfast,1
21,24,Sleeper,Ladies,Off-peak,Superfast,1
17,10,Sleeper,Ladies,Peak,Express,1
19,31,Sleeper,GN,Peak,Superfast,1
33,39,Sleeper,Tatkal,Off-peak,Express,0
3,32,1A,Tatkal,Peak,Rajdhani,0
39,3,Sleeper,Ladies,Off-peak,Shatabdi,0
25,22,2A,GN,Off-peak,Superfast,0
34,9,1A,Tatkal,Peak,Shatabdi,0
27,9,2A,Ladies,Peak,Superfast,0
24,42,Sleeper,Tatkal,Off-peak,Shatabdi,0
51,36,1A,Ladies,Peak,Rajdhani,0
41,30,Sleeper,Tatkal,Peak,Shatabdi,0
27,38,1A,Ladies,Off-peak,Rajdhani,0
50,39,3A,GN,Peak,Rajdhani,0
18,3,Sleeper,Tatkal,Off-peak,Rajdhani,0
57,35,Sleeper,Tatkal,Off-peak,Shatabdi,0
36,30,1A,GN,Peak,Express,0
46,12,Sleeper,Tatkal,Off-peak,Shatabdi,0
10,43,Sleeper,GN,Off-peak,Superfast,1
47,10,2A,Tatkal,Off-peak,Shatabdi,0
2,15,1A,Ladies,Peak,Superfast,1
47,33,1A,GN,Peak,Superfast,0
50,16,Sleeper,Tatkal,Peak,Express,0
19,40,1A,GN,Off-peak,Superfast,0
49,18,Sleeper,GN,Off-peak,Shatabdi,0
47,43,2A,Tatkal,Peak,Superfast,0
13,1,Sleeper,Tatkal,Off-peak,Superfast,0
27,17,2A,Ladies,Peak,Shatabdi,0
47,6,2A,GN,Peak,Superfast,0
22,8,1A,Ladies,Peak,Superfast,0
3,18,Sleeper,Tatkal,Peak,Shatabdi,0
59,13,3A,Tatkal,Peak,Superfast,0
38,20,Sleeper,Tatkal,Peak,Shatabdi,0
52,6,Sleeper,GN,Off-peak,Express,0
47,7,Sleeper,Ladies,Peak,Shatabdi,0
38,5,3A,Tatkal,Peak,Shatabdi,0
26,41,2A,GN,Peak,Express,0
55,2,Sleeper,GN,Off-peak,Superfast,0
25,6,1A,Ladies,Off-peak,Rajdhani,0
1,11,3A,GN,Peak,Rajdhani,1
22,26,Sleeper,Ladies,Peak,Rajdhani,1
16,44,1A,Tatkal,Off-peak,Express,0
17,18,Sleeper,Ladies,Off-peak,Rajdhani,1
57,39,3A,Tatkal,Off-peak,Superfast,0
9,3,Sleeper,Tatkal,Peak,Rajdhani,0
56,33,2A,GN,Off-peak,Shatabdi,0
15,25,1A,Tatkal,Peak,Shatabdi,0
49,26,3A,GN,Peak,Shatabdi,0
39,38,3A,GN,Peak,Express,0
18,21,2A,Tatkal,Peak,Rajdhani,0
17,2,2A,GN,Off-peak,Rajdhani,0
54,23,Sleeper,Tatkal,Peak,Express,0
60,25,1A,Tatkal,Peak,Rajdhani,0
8,8,1A,GN,Peak,Shatabdi,0
56,3,3A,Tatkal,Off-peak,Express,0
57,38,Sleeper,GN,Off-peak,Shatabdi,0
44,29,Sleeper,Tatkal,Peak,Rajdhani,0
12,13,2A,Tatkal,Off-peak,Rajdhani,0
53,27,3A,Tatkal,Peak,Express,0
41,31,1A,Ladies,Peak,Shatabdi,0
34,16,2A,Ladies,Peak,Rajdhani,0
16,19,Sleeper,Ladies,Off-peak,Shatabdi,1
22,19,3A,Tatkal,Peak,Express,0
3,13,3A,Ladies,Off-peak,Rajdhani,1
4,6,2A,Tatkal,Peak,Rajdhani,0
33,23,Sleeper,Tatkal,Off-peak,Shatabdi,0
60,1,1A,Tatkal,Peak,Express,0
49,38,1A,Ladies,Off-peak,Superfast,0
54,35,1A,GN,Off-peak,Shatabdi,0
35,23,1A,Ladies,Peak,Shatabdi,0
22,36,Sleeper,Tatkal,Peak,Superfast,0
37,39,3A,GN,Peak,Rajdhani,0
12,14,2A,GN,Off-peak,Express,0
37,35,Sleeper,Tatkal,Peak,Express,0
10,25,Sleeper,Tatkal,Off-peak,Rajdhani,1
42,28,3A,Ladies,Peak,Superfast,0
36,14,3A,Tatkal,Off-peak,Shatabdi,0
58,33,3A,Ladies,Peak,Superfast,0
53,0,2A,Tatkal,Peak,Shatabdi,0
58,44,1A,Tatkal,Peak,Shatabdi,0
26,37,2A,Ladies,Peak,Express,0
43,17,Sleeper,Ladies,Off-peak,Express,1
23,26,Sleeper,GN,Peak,Express,1
52,27,Sleeper,Ladies,Peak,Shatabdi,0
52,33,2A,Ladies,Off-peak,Rajdhani,0
17,12,2A,Tatkal,Peak,Shatabdi,0
38,19,2A,Ladies,Peak,Rajdhani,0
54,10,1A,GN,Peak,Rajdhani,0
43,32,1A,Ladies,Off-peak,Express,0
5,3,Sleeper,Tatkal,Peak,Rajdhani,0
6,42,3A,Ladies,Off-peak,Rajdhani,1
4,4,1A,Ladies,Peak,Superfast,0
6,18,Sleeper,Ladies,Off-peak,Rajdhani,1
30,26,3A,Ladies,Peak,Express,0
42,26,3A,GN,Off-peak,Shatabdi,0
41,17,2A,GN,Off-peak,Express,0
29,38,2A,Tatkal,Peak,Rajdhani,0
46,28,3A,Ladies,Off-peak,Express,0
43,8,3A,Tatkal,Peak,Rajdhani,0
48,31,1A,Tatkal,Peak,Shatabdi,0
37,44,Sleeper,Tatkal,Peak,Express,0
60,33,2A,GN,Peak,Shatabdi,0
13,29,3A,GN,Peak,Superfast,1
23,45,3A,GN,Off-peak,Express,1
7,29,Sleeper,Tatkal,Peak,Shatabdi,0
55,10,Sleeper,GN,Peak,Rajdhani,0
25,7,3A,Tatkal,Peak,Superfast,0
9,29,1A,Ladies,Off-peak,Express,0
8,12,3A,Tatkal,Peak,Superfast,0
20,16,Sleeper,Ladies,Peak,Superfast,1
4,9,1A,Tatkal,Peak,Rajdhani,0
28,17,2A,GN,Peak,Express,0
14,43,2A,GN,Off-peak,Express,0
35,6,3A,Tatkal,Off-peak,Shatabdi,0
59,11,Sleeper,GN,Peak,Rajdhani,0
57,31,3A,GN,Peak,Superfast,0
34,26,3A,Ladies,Off-peak,Express,0
51,43,1A,GN,Off-peak,Shatabdi,0
56,34,3A,GN,Peak,Superfast,0
27,1,2A,GN,Off-peak,Rajdhani,0
32,44,1A,Tatkal,Peak,Express,0
31,44,Sleeper,Tatkal,Off-peak,Shatabdi,0
58,25,3A,GN,Off-peak,Rajdhani,0
25,34,3A,GN,Peak,Shatabdi,0
15,40,2A,Tatkal,Peak,Rajdhani,0
26,43,2A,GN,Off-peak,Express,0
60,6,2A,Tatkal,Peak,Rajdhani,0
34,41,3A,GN,Peak,Superfast,0
37,25,1A,Ladies,Peak,Superfast,0
16,27,2A,Ladies,Peak,Shatabdi,0
9,2,2A,GN,Peak,Express,0
47,38,2A,Ladies,Off-peak,Shatabdi,0
20,38,2A,Ladies,Peak,Rajdhani,0
19,22,1A,Ladies,Off-peak,Rajdhani,0
45,41,1A,GN,Off-peak,Shatabdi,0
16,34,1A,Tatkal,Off-peak,Express,0
13,34,3A,GN,Off-peak,Superfast,1
25,4,Sleeper,Ladies,Off-peak,Express,0
40,34,1A,Tatkal,Peak,Express,0
33,31,3A,GN,Off-peak,Shatabdi,0
32,2,2A,Ladies,Peak,Express,0
42,11,3A,Tatkal,Peak,Superfast,0
57,1,2A,Tatkal,Off-peak,Superfast,0
44,29,Sleeper,GN,Peak,Shatabdi,0
18,34,3A,Ladies,Off-peak,Superfast,1
18,16,3A,Ladies,Off-peak,Express,1
38,25,3A,GN,Off-peak,Superfast,0
12,40,3A,Ladies,Peak,Superfast,1
51,25,3A,GN,Peak,Superfast,0
26,10,2A,GN,Off-peak,Shatabdi,0
35,21,1A,GN,Off-peak,Express,0
11,36,3A,Tatkal,Peak,Shatabdi,0
22,33,2A,GN,Peak,Rajdhani,0
36,45,1A,Tatkal,Off-peak,Rajdhani,0
42,31,2A,Tatkal,Off-peak,Rajdhani,0
40,20,1A,Ladies,Off-peak,Superfast,0
15,0,3A,Tatkal,Peak,Rajdhani,0
60,7,1A,Ladies,Off-peak,Shatabdi,0
4,12,2A,Ladies,Peak,Superfast,1
51,2,Sleeper,Tatkal,Peak,Express,0
20,5,2A,Tatkal,Off-peak,Rajdhani,0
21,20,3A,GN,Peak,Shatabdi,0
24,39,3A,Tatkal,Off-peak,Rajdhani,0
16,27,1A,Tatkal,Peak,Rajdhani,0
40,17,3A,Ladies,Peak,Superfast,0
50,5,Sleeper,Tatkal,Peak,Express,0
25,39,Sleeper,Ladies,Off-peak,Rajdhani,1
39,8,1A,GN,Off-peak,Superfast,0
9,15,2A,Tatkal,Peak,Shatabdi,0
60,21,1A,Tatkal,Peak,Superfast,0
56,37,1A,Tatkal,Off-peak,Superfast,0
20,10,3A,Tatkal,Off-peak,Superfast,0
48,42,2A,Ladies,Off-peak,Express,0
24,20,2A,GN,Peak,Superfast,0
40,7,Sleeper,Ladies,Off-peak,Superfast,0
2,8,Sleeper,GN,Peak,Shatabdi,1
52,19,2A,Ladies,Peak,Shatabdi,0
5,15,3A,Ladies,Peak,Superfast,1
56,20,Sleeper,GN,Peak,Superfast,0
22,30,Sleeper,Ladies,Peak,Express,1
36,11,Sleeper,Tatkal,Off-peak,Superfast,0
55,33,1A,Tatkal,Off-peak,Shatabdi,0
32,44,3A,Tatkal,Off-peak,Express,0
47,18,1A,GN,Peak,Shatabdi,0
24,32,3A,Tatkal,Off-peak,Shatabdi,0
5,33,3A,GN,Peak,Shatabdi,1
13,4,3A,GN,Peak,Rajdhani,1
41,19,Sleeper,GN,Off-peak,Rajdhani,1
57,5,3A,Tatkal,Off-peak,Express,0
11,13,1A,Tatkal,Peak,Shatabdi,0
50,30,1A,Ladies,Peak,Express,0
12,11,2A,Tatkal,Off-peak,Superfast,0
17,23,2A,Tatkal,Peak,Express,0
10,36,Sleeper,Tatkal,Peak,Rajdhani,0
33,42,1A,Tatkal,Peak,Rajdhani,0
26,3,3A,Ladies,Off-peak,Rajdhani,0
42,30,3A,GN,Off-peak,Shatabdi,0
13,28,3A,Ladies,Peak,Rajdhani,1
21,11,3A,GN,Peak,Express,0
57,10,Sleeper,Ladies,Off-peak,Superfast,0
43,37,Sleeper,Ladies,Off-peak,Shatabdi,1
36,35,3A,GN,Peak,Superfast,0
42,23,3A,Ladies,Peak,Superfast,0
36,19,2A,Tatkal,Peak,Express,0
47,41,1A,Ladies,Off-peak,Shatabdi,0
11,25,2A,GN,Peak,Superfast,0
17,16,1A,Ladies,Peak,Shatabdi,0
58,28,1A,GN,Peak,Shatabdi,0
29,4,3A,GN,Off-peak,Shatabdi,0
43,38,1A,Ladies,Off-peak,Rajdhani,0
14,31,2A,GN,Peak,Shatabdi,0
10,1,Sleeper,GN,Off-peak,Express,1
47,3,3A,GN,Peak,Rajdhani,0
17,35,1A,Ladies,Off-peak,Express,0
23,43,3A,Ladies,Off-peak,Superfast,0
12,15,1A,GN,Peak,Shatabdi,0
2,17,2A,GN,Off-peak,Rajdhani,1
53,36,2A,GN,Off-peak,Rajdhani,0
23,10,3A,Ladies,Peak,Rajdhani,0
50,9,3A,Ladies,Off-peak,Rajdhani,0
6,19,3A,Tatkal,Off-peak,Shatabdi,1
4,39,3A,GN,Off-peak,Express,1
6,13,1A,GN,Peak,Shatabdi,0
26,3,3A,Ladies,Peak,Rajdhani,0
14,10,Sleeper,Ladies,Off-peak,Express,1
30,42,3A,GN,Peak,Rajdhani,0
8,7,1A,Tatkal,Peak,Shatabdi,0
59,11,Sleeper,GN,Peak,Express,0
9,21,1A,GN,Peak,Shatabdi,0
3,18,3A,Tatkal,Off-peak,Superfast,1
14,34,Sleeper,Ladies,Peak,Express,1
42,42,2A,Ladies,Peak,Shatabdi,0
49,18,3A,GN,Peak,Superfast,0
2,35,1A,Ladies,Peak,Superfast,1
56,0,2A,GN,Peak,Superfast,0
25,8,Sleeper,Ladies,Peak,Superfast,1
23,24,Sleeper,Ladies,Peak,Shatabdi,1
46,42,2A,GN,Off-peak,Rajdhani,0
50,6,3A,Tatkal,Peak,Shatabdi,0
18,12,1A,Tatkal,Off-peak,Superfast,0
25,19,3A,GN,Peak,Superfast,0
5,9,Sleeper,GN,Off-peak,Rajdhani,1
28,7,2A,Ladies,Peak,Express,0
15,35,1A,Tatkal,Peak,Shatabdi,0
39,39,Sleeper,Tatkal,Peak,Express,0
28,37,Sleeper,Tatkal,Peak,Shatabdi,0
9,18,Sleeper,Tatkal,Off-peak,Superfast,0
56,10,Sleeper,GN,Off-peak,Rajdhani,0
16,3,Sleeper,GN,Off-peak,Express,1
32,36,1A,Tatkal,Off-peak,Superfast,0
40,4,2A,Tatkal,Off-peak,Superfast,0
19,27,3A,GN,Off-peak,Express,1
54,6,3A,Tatkal,Off-peak,Express,0
1,7,Sleeper,Ladies,Peak,Rajdhani,1
52,32,Sleeper,GN,Peak,Rajdhani,0
52,26,3A,GN,Off-peak,Express,0
18,5,1A,GN,Off-peak,Rajdhani,0
35,0,Sleeper,Ladies,Off-peak,Express,0
7,9,Sleeper,Ladies,Peak,Superfast,1
46,3,1A,GN,Peak,Rajdhani,0
27,28,Sleeper,GN,Peak,Express,1
46,14,2A,GN,Peak,Superfast,0
24,33,2A,Tatkal,Off-peak,Shatabdi,0
52,25,3A,GN,Peak,Rajdhani,0
2,36,1A,GN,Off-peak,Superfast,1
29,27,1A,Ladies,Off-peak,Express,0
2,13,Sleeper,Ladies,Peak,Superfast,1
13,42,3A,Ladies,Off-peak,Shatabdi,1
53,28,2A,Tatkal,Off-peak,Express,0
53,9,Sleeper,Tatkal,Peak,Shatabdi,0
54,8,1A,GN,Peak,Rajdhani,0
18,25,1A,Tatkal,Peak,Superfast,0
22,40,Sleeper,GN,Peak,Rajdhani,1
29,37,1A,Ladies,Off-peak,Rajdhani,0
59,16,Sleeper,GN,Off-peak,Shatabdi,0
35,35,Sleeper,Ladies,Off-peak,Rajdhani,0
21,15,Sleeper,Tatkal,Peak,Rajdhani,0
17,39,Sleeper,Ladies,Off-peak,Express,1
60,25,1A,Ladies,Peak,Rajdhani,0
13,29,1A,Ladies,Peak,Express,0
25,38,2A,GN,Off-peak,Express,0
7,9,3A,Tatkal,Off-peak,Rajdhani,0
32,30,2A,GN,Peak,Shatabdi,0
49,20,1A,GN,Peak,Superfast,0
38,36,Sleeper,Ladies,Off-peak,Rajdhani,1
5,45,2A,GN,Off-peak,Shatabdi,1
2,13,1A,GN,Off-peak,Shatabdi,1
7,5,1A,GN,Peak,Rajdhani,0
41,42,2A,GN,Peak,Shatabdi,0
24,43,1A,GN,Peak,Rajdhani,0
29,1,2A,Ladies,Peak,Rajdhani,0
35,25,2A,Tatkal,Peak,Shatabdi,0
49,7,1A,Tatkal,Peak,Express,0
33,23,1A,GN,Peak,Rajdhani,0
52,1,2A,Ladies,Peak,Express,0
31,20,1A,Ladies,Peak,Shatabdi,0
54,12,1A,Ladies,Peak,Superfast,0
39,25,Sleeper,Ladies,Peak,Shatabdi,0
33,31,2A,GN,Off-peak,Shatabdi,0
30,25,1A,Ladies,Peak,Superfast,0
3,37,2A,GN,Peak,Superfast,1
58,5,1A,GN,Off-peak,Express,0
3,31,3A,GN,Off-peak,Superfast,1
44,44,3A,Tatkal,Off-peak,Superfast,0
7,29,1A,GN,Off-peak,Rajdhani,0
57,38,1A,Ladies,Off-peak,Express,0
25,34,3A,Ladies,Off-peak,Express,0
2,17,1A,Ladies,Off-peak,Shatabdi,1
5,28,Sleeper,GN,Off-peak,Rajdhani,1
25,9,3A,Tatkal,Peak,Express,0
18,34,3A,GN,Peak,Superfast,1
35,25,3A,Ladies,Peak,Express,0
9,16,1A,Tatkal,Peak,Express,0
39,36,Sleeper,Tatkal,Peak,Rajdhani,0
6,19,Sleeper,GN,Peak,Shatabdi,1
23,42,3A,GN,Off-peak,Rajdhani,1
15,13,1A,Ladies,Off-peak,Rajdhani,0
22,11,3A,GN,Off-peak,Superfast,1
36,32,Sleeper,Tatkal,Off-peak,Rajdhani,0
59,10,2A,Tatkal,Off-peak,Express,0
10,16,Sleeper,Ladies,Peak,Express,1
21,41,Sleeper,GN,Off-peak,Superfast,1
2,36,1A,Tatkal,Peak,Express,0
49,30,Sleeper,Ladies,Peak,Superfast,0
39,34,Sleeper,Ladies,Peak,Express,0
30,35,3A,GN,Off-peak,Rajdhani,0
29,17,1A,Ladies,Peak,Shatabdi,0
54,20,3A,Tatkal,Off-peak,Superfast,0
35,27,3A,Ladies,Off-peak,Express,0
20,32,1A,Ladies,Off-peak,Rajdhani,0
21,21,2A,Tatkal,Peak,Rajdhani,0
8,39,3A,Ladies,Peak,Rajdhani,1
55,43,1A,Tatkal,Peak,Express,0
57,44,Sleeper,Tatkal,Peak,Rajdhani,0
31,5,1A,Ladies,Peak,Shatabdi,0
54,38,1A,GN,Off-peak,Superfast,0
16,26,3A,GN,Off-peak,Superfast,1
24,38,Sleeper,Tatkal,Off-peak,Rajdhani,0
4,1,2A,GN,Off-peak,Superfast,0
12,3,2A,Tatkal,Off-peak,Superfast,0
51,35,1A,Tatkal,Off-peak,Express,0
4,20,1A,Tatkal,Peak,Rajdhani,0
53,19,2A,Tatkal,Off-peak,Express,0
49,28,2A,Ladies,Peak,Express,0
51,19,2A,GN,Peak,Rajdhani,0
28,8,3A,Tatkal,Off-peak,Express,0
57,24,3A,Ladies,Peak,Express,0
22,44,2A,GN,Peak,Express,0
41,21,2A,GN,Peak,Rajdhani,0
45,43,1A,GN,Peak,Rajdhani,0
12,9,2A,GN,Off-peak,Express,1
57,30,1A,Tatkal,Off-peak,Shatabdi,0
49,20,Sleeper,Tatkal,Peak,Rajdhani,0
6,11,2A,Ladies,Peak,Rajdhani,1
24,32,2A,Ladies,Off-peak,Rajdhani,0
1,34,Sleeper,GN,Off-peak,Express,1
31,45,1A,Ladies,Peak,Shatabdi,0
56,5,3A,Ladies,Off-peak,Express,0
60,0,2A,Tatkal,Peak,Express,0
51,16,3A,Ladies,Off-peak,Rajdhani,0
10,7,3A,GN,Peak,Superfast,1
15,30,2A,GN,Off-peak,Superfast,0
45,37,1A,Ladies,Peak,Express,0
36,22,3A,Tatkal,Off-peak,Shatabdi,0
20,8,Sleeper,Ladies,Peak,Superfast,1
57,16,2A,Tatkal,Peak,Rajdhani,0
44,27,2A,Tatkal,Off-peak,Superfast,0
42,29,2A,Ladies,Peak,Shatabdi,0
55,4,Sleeper,GN,Peak,Shatabdi,0
60,45,1A,Tatkal,Off-peak,Rajdhani,0
29,28,1A,GN,Peak,Superfast,0
42,41,3A,Tatkal,Peak,Rajdhani,0
13,35,1A,Ladies,Peak,Rajdhani,0
58,30,2A,Ladies,Peak,Rajdhani,0
52,4,1A,GN,Peak,Superfast,0
22,45,3A,GN,Off-peak,Shatabdi,1
21,34,3A,Tatkal,Peak,Superfast,0
55,14,2A,GN,Peak,Rajdhani,0
33,4,1A,Tatkal,Off-peak,Superfast,0
33,4,1A,Tatkal,Peak,Superfast,0
17,16,2A,Tatkal,Off-peak,Express,0
4,34,3A,Ladies,Off-peak,Rajdhani,1
31,38,3A,Tatkal,Peak,Rajdhani,0
42,43,2A,GN,Peak,Shatabdi,0
35,29,2A,Ladies,Off-peak,Express,0
38,33,3A,Ladies,Peak,Superfast,0
21,30,3A,Tatkal,Peak,Superfast,0
54,28,3A,Tatkal,Off-peak,Shatabdi,0
3,5,1A,Ladies,Off-peak,Shatabdi,1
18,8,3A,Ladies,Peak,Express,1
11,33,3A,GN,Peak,Shatabdi,1
8,41,1A,GN,Off-peak,Shatabdi,0
57,36,3A,GN,Peak,Shatabdi,0
11,9,Sleeper,GN,Peak,Rajdhani,1
12,14,3A,GN,Peak,Rajdhani,1
45,33,1A,Tatkal,Off-peak,Express,0
8,2,Sleeper,Ladies,Off-peak,Express,1
8,0,Sleeper,Tatkal,Peak,Superfast,0
25,5,2A,GN,Peak,Superfast,0
60,20,3A,Ladies,Peak,Rajdhani,0
51,30,2A,Tatkal,Peak,Shatabdi,0
21,19,1A,Ladies,Off-peak,Rajdhani,0
3,0,3A,Ladies,Peak,Express,0
54,25,3A,GN,Off-peak,Superfast,0
22,37,1A,Tatkal,Peak,Superfast,0
2,44,Sleeper,Tatkal,Off-peak,Express,1
28,17,Sleeper,GN,Peak,Express,1
59,23,2A,GN,Peak,Shatabdi,0
19,0,1A,Ladies,Off-peak,Rajdhani,0
26,39,2A,Ladies,Off-peak,Rajdhani,0
34,39,Sleeper,Tatkal,Peak,Express,0
27,35,3A,Tatkal,Peak,Express,0
35,36,1A,GN,Off-peak,Express,0
51,0,3A,Ladies,Off-peak,Rajdhani,0
31,33,1A,Ladies,Peak,Superfast,0
2,23,1A,GN,Off-peak,Express,1
55,4,1A,Tatkal,Peak,Shatabdi,0
9,1,Sleeper,GN,Off-peak,Superfast,1
30,40,3A,Tatkal,Peak,Superfast,0
6,35,Sleeper,Ladies,Off-peak,Shatabdi,1
5,29,2A,Tatkal,Off-peak,Rajdhani,0
30,31,1A,Tatkal,Peak,Shatabdi,0
32,18,1A,Ladies,Peak,Rajdhani,0
7,34,3A,Tatkal,Peak,Express,0
9,27,2A,GN,Peak,Shatabdi,1
39,30,2A,Ladies,Peak,Express,0
4,45,2A,Ladies,Off-peak,Superfast,1
59,8,Sleeper,Ladies,Off-peak,Superfast,0
24,31,Sleeper,Tatkal,Off-peak,Shatabdi,0
1,36,3A,GN,Off-peak,Express,1
54,0,Sleeper,Ladies,Peak,Rajdhani,0
41,25,3A,Ladies,Off-peak,Express,0
18,3,1A,GN,Peak,Shatabdi,0
18,30,3A,Ladies,Peak,Superfast,1
57,17,Sleeper,GN,Peak,Express,0
34,41,3A,GN,Off-peak,Express,1
16,5,3A,Tatkal,Peak,Express,0
60,34,2A,GN,Off-peak,Rajdhani,0
4,22,Sleeper,GN,Peak,Superfast,1
1,39,3A,Tatkal,Peak,Rajdhani,1
21,11,1A,GN,Peak,Superfast,0
15,28,Sleeper,Ladies,Peak,Shatabdi,1
3,2,1A,GN,Off-peak,Superfast,1
44,0,Sleeper,Tatkal,Off-peak,Rajdhani,0
57,32,2A,Ladies,Off-peak,Superfast,0
15,41,3A,Ladies,Off-peak,Express,1
38,35,3A,Tatkal,Off-peak,Shatabdi,0
39,16,2A,Tatkal,Peak,Express,0
54,5,3A,Tatkal,Peak,Superfast,0
52,34,Sleeper,GN,Peak,Rajdhani,0
17,21,Sleeper,GN,Off-peak,Express,1
15,43,3A,GN,Off-peak,Superfast,1
14,23,1A,Tatkal,Peak,Superfast,0
56,9,1A,Ladies,Peak,Express,0
56,17,1A,GN,Off-peak,Express,0
13,37,3A,Ladies,Off-peak,Superfast,1
60,34,3A,Ladies,Off-peak,Shatabdi,0
21,14,1A,Ladies,Off-peak,Express,0
59,8,Sleeper,Tatkal,Off-peak,Rajdhani,0
29,28,2A,Ladies,Peak,Express,0
24,28,2A,Tatkal,Peak,Superfast,0
26,10,3A,Ladies,Peak,Rajdhani,0
39,2,2A,Tatkal,Peak,Rajdhani,0
32,40,2A,Ladies,Peak,Rajdhani,0
57,14,Sleeper,GN,Peak,Express,0
50,32,1A,GN,Peak,Shatabdi,0
22,18,1A,Ladies,Off-peak,Rajdhani,0
44,44,3A,GN,Peak,Express,0
46,39,2A,GN,Off-peak,Superfast,0
45,5,3A,GN,Peak,Shatabdi,0
12,28,2A,Ladies,Off-peak,Rajdhani,0
1,10,1A,Ladies,Peak,Rajdhani,1
21,7,2A,GN,Peak,Superfast,0
52,41,2A,Tatkal,Off-peak,Rajdhani,0
29,18,Sleeper,Tatkal,Peak,Express,0
46,12,3A,Tatkal,Peak,Superfast,0
46,37,2A,Ladies,Peak,Shatabdi,0
43,4,Sleeper,GN,Off-peak,Superfast,0
44,39,3A,Tatkal,Peak,Shatabdi,0
45,37,Sleeper,GN,Off-peak,Superfast,0
9,2,3A,Tatkal,Peak,Superfast,0
5,4,2A,Ladies,Peak,Shatabdi,0
42,21,3A,Ladies,Off-peak,Superfast,0
49,15,2A,Ladies,Off-peak,Shatabdi,0
3,23,1A,GN,Peak,Rajdhani,1
27,31,Sleeper,Ladies,Peak,Express,0
37,27,Sleeper,GN,Off-peak,Express,1
31,16,Sleeper,Ladies,Peak,Express,1
33,17,3A,Ladies,Peak,Shatabdi,0
37,18,2A,Ladies,Off-peak,Shatabdi,0
2,0,1A,Tatkal,Off-peak,Express,0
49,10,2A,Tatkal,Peak,Shatabdi,0
11,40,2A,GN,Peak,Express,0
14,24,2A,Tatkal,Peak,Express,0
12,18,Sleeper,Tatkal,Off-peak,Shatabdi,0
38,3,3A,Ladies,Peak,Shatabdi,0
51,14,2A,Tatkal,Peak,Rajdhani,0
1,2,Sleeper,Ladies,Off-peak,Rajdhani,0
23,15,Sleeper,Ladies,Off-peak,Superfast,1
16,0,3A,GN,Peak,Express,0
26,28,3A,GN,Peak,Superfast,0
58,43,2A,Tatkal,Off-peak,Express,0
21,36,3A,GN,Peak,Express,1
20,10,1A,GN,Peak,Shatabdi,0
27,42,3A,GN,Peak,Express,0
24,22,3A,GN,Off-peak,Express,1
30,1,3A,GN,Off-peak,Rajdhani,0
6,22,3A,GN,Peak,Shatabdi,1
13,27,3A,GN,Peak,Rajdhani,1
23,33,Sleeper,Ladies,Off-peak,Rajdhani,1
44,23,Sleeper,Tatkal,Peak,Rajdhani,0
33,27,3A,Ladies,Off-peak,Superfast,0
36,35,Sleeper,Ladies,Off-peak,Express,1
45,30,3A,Ladies,Peak,Express,0
36,33,Sleeper,Ladies,Peak,Superfast,0
59,15,1A,Ladies,Peak,Rajdhani,0
36,24,3A,Ladies,Off-peak,Shatabdi,0
52,32,2A,Tatkal,Off-peak,Rajdhani,0
43,6,3A,GN,Off-peak,Shatabdi,0
1,3,3A,Ladies,Peak,Superfast,1
35,8,3A,GN,Peak,Rajdhani,0
17,5,2A,Tatkal,Off-peak,Superfast,0
42,13,3A,Ladies,Peak,Rajdhani,0
27,23,3A,Ladies,Peak,Shatabdi,0
48,40,Sleeper,GN,Peak,Shatabdi,0
4,17,3A,GN,Peak,Shatabdi,1
46,28,1A,Tatkal,Peak,Rajdhani,0
16,23,3A,GN,Peak,Rajdhani,0
27,21,Sleeper,Tatkal,Off-peak,Express,0
13,0,Sleeper,Tatkal,Peak,Express,0
30,29,2A,Tatkal,Peak,Shatabdi,0
9,4,Sleeper,Ladies,Peak,Rajdhani,1
27,43,Sleeper,Tatkal,Off-peak,Express,0
56,38,Sleeper,GN,Peak,Rajdhani,0
51,1,2A,GN,Off-peak,Rajdhani,0
40,24,1A,GN,Peak,Rajdhani,0
52,12,Sleeper,Tatkal,Off-peak,Rajdhani,0
33,3,2A,Tatkal,Off-peak,Express,0
54,25,1A,GN,Off-peak,Shatabdi,0
45,25,3A,GN,Off-peak,Superfast,0
24,3,2A,Ladies,Off-peak,Superfast,0
20,41,Sleeper,Tatkal,Off-peak,Express,0
13,43,2A,Ladies,Peak,Shatabdi,0
37,26,2A,GN,Off-peak,Express,0
11,29,3A,GN,Peak,Express,1
9,27,Sleeper,GN,Off-peak,Shatabdi,1
17,13,1A,Ladies,Peak,Superfast,0
42,35,2A,Tatkal,Peak,Rajdhani,0
44,32,Sleeper,Ladies,Off-peak,Rajdhani,0
48,39,1A,GN,Peak,Superfast,0
59,45,Sleeper,Ladies,Off-peak,Superfast,0
15,12,2A,GN,Peak,Superfast,0
30,11,2A,Ladies,Peak,Superfast,0
35,15,3A,GN,Off-peak,Shatabdi,0
53,2,3A,GN,Peak,Superfast,0
55,42,1A,Tatkal,Peak,Superfast,0
47,17,2A,Tatkal,Off-peak,Superfast,0
32,21,1A,Tatkal,Off-peak,Superfast,0
13,23,3A,Tatkal,Off-peak,Express,0
55,17,1A,Tatkal,Off-peak,Rajdhani,0
28,13,2A,GN,Peak,Shatabdi,0
22,18,2A,GN,Peak,Superfast,0
60,39,2A,Ladies,Peak,Superfast,0
12,25,3A,Tatkal,Off-peak,Express,0
26,19,1A,GN,Peak,Shatabdi,0
1,29,2A,GN,Peak,Superfast,1
50,45,Sleeper,Tatkal,Peak,Express,0
8,18,Sleeper,Ladies,Off-peak,Shatabdi,1
16,10,1A,GN,Off-peak,Superfast,0
57,19,3A,Ladies,Peak,Express,0
37,26,3A,Ladies,Off-peak,Shatabdi,0
7,43,Sleeper,GN,Peak,Express,1
34,22,3A,GN,Peak,Rajdhani,0
24,35,1A,GN,Off-peak,Superfast,0
11,13,2A,Ladies,Off-peak,Shatabdi,0
28,32,1A,Tatkal,Off-peak,Express,0
4,7,1A,GN,Peak,Rajdhani,0
45,33,1A,Tatkal,Peak,Shatabdi,0
58,28,1A,Tatkal,Peak,Express,0
26,43,2A,Tatkal,Peak,Shatabdi,0
30,0,Sleeper,Tatkal,Peak,Rajdhani,0
60,40,2A,GN,Off-peak,Rajdhani,0
2,23,2A,Ladies,Peak,Rajdhani,1
2,9,1A,Ladies,Peak,Shatabdi,1
5,19,3A,Tatkal,Off-peak,Shatabdi,0
8,27,Sleeper,Ladies,Off-peak,Shatabdi,1
37,44,Sleeper,GN,Off-peak,Rajdhani,0
32,10,Sleeper,GN,Peak,Shatabdi,0
25,39,2A,Tatkal,Peak,Express,0
12,1,3A,Ladies,Off-peak,Shatabdi,0
23,8,2A,Ladies,Off-peak,Shatabdi,0
59,15,3A,GN,Peak,Express,0
15,44,3A,Ladies,Peak,Rajdhani,0
19,23,1A,Ladies,Peak,Superfast,0
15,8,3A,Tatkal,Off-peak,Rajdhani,0
33,22,Sleeper,Tatkal,Off-peak,Rajdhani,0
59,3,1A,GN,Peak,Express,0
39,31,Sleeper,Ladies,Peak,Shatabdi,0
25,2,Sleeper,GN,Off-peak,Rajdhani,0
10,25,Sleeper,Tatkal,Peak,Shatabdi,0
46,5,1A,Ladies,Off-peak,Superfast,0
35,16,1A,Tatkal,Peak,Superfast,0
29,16,3A,GN,Peak,Shatabdi,0
45,9,3A,GN,Peak,Rajdhani,0
49,38,2A,Tatkal,Peak,Superfast,0
36,42,3A,Ladies,Peak,Shatabdi,0
47,22,1A,GN,Off-peak,Shatabdi,0
53,39,2A,GN,Off-peak,Rajdhani,0
58,24,3A,Ladies,Off-peak,Shatabdi,0
5,41,Sleeper,Ladies,Peak,Superfast,1
26,43,1A,Tatkal,Peak,Shatabdi,0
1,31,2A,GN,Off-peak,Rajdhani,1
42,35,2A,GN,Peak,Rajdhani,0
15,24,3A,Tatkal,Peak,Superfast,0
43,25,3A,Ladies,Off-peak,Superfast,0
25,4,2A,Ladies,Off-peak,Express,0
3,23,2A,Tatkal,Peak,Shatabdi,0
60,40,Sleeper,Tatkal,Peak,Express,0
47,17,Sleeper,GN,Off-peak,Superfast,0
28,17,Sleeper,Ladies,Peak,Express,1
38,13,2A,Tatkal,Off-peak,Superfast,0
52,11,Sleeper,Tatkal,Peak,Shatabdi,0
2,16,3A,Tatkal,Peak,Rajdhani,0
5,39,1A,GN,Peak,Rajdhani,0
10,19,Sleeper,GN,Peak,Express,1
58,39,1A,Tatkal,Off-peak,Express,0
3,36,1A,GN,Peak,Shatabdi,1
28,31,1A,GN,Peak,Shatabdi,0
9,28,1A,Ladies,Peak,Express,0
22,44,1A,Ladies,Off-peak,Superfast,0
16,40,3A,Ladies,Off-peak,Shatabdi,0
8,38,Sleeper,Ladies,Off-peak,Superfast,1
20,12,Sleeper,Ladies,Off-peak,Shatabdi,1
15,7,3A,GN,Peak,Rajdhani,0
38,4,2A,GN,Off-peak,Express,0
52,24,2A,Tatkal,Off-peak,Superfast,0
31,0,Sleeper,GN,Peak,Express,0
36,29,1A,Tatkal,Off-peak,Express,0
32,25,2A,Ladies,Off-peak,Express,0
60,19,Sleeper,Tatkal,Peak,Express,0
57,22,1A,Ladies,Peak,Superfast,0
55,21,Sleeper,GN,Off-peak,Shatabdi,0
23,20,3A,Tatkal,Peak,Rajdhani,0
38,24,2A,Ladies,Off-peak,Shatabdi,0
30,28,Sleeper,GN,Off-peak,Shatabdi,1
37,44,1A,GN,Off-peak,Shatabdi,0
4,44,2A,Ladies,Off-peak,Rajdhani,1
12,23,2A,GN,Peak,Shatabdi,0
30,26,3A,Tatkal,Off-peak,Shatabdi,0
6,20,2A,Ladies,Off-peak,Express,1
23,18,1A,Ladies,Off-peak,Shatabdi,0
20,21,2A,Tatkal,Peak,Superfast,0
46,16,Sleeper,Tatkal,Peak,Express,0
37,38,3A,Ladies,Peak,Superfast,0
18,37,1A,Tatkal,Peak,Superfast,0
57,26,2A,GN,Peak,Shatabdi,0
15,3,2A,Ladies,Off-peak,Shatabdi,0
39,30,3A,Ladies,Off-peak,Rajdhani,0
16,10,Sleeper,GN,Off-peak,Shatabdi,1
4,44,3A,GN,Off-peak,Rajdhani,1
31,20,2A,Ladies,Off-peak,Shatabdi,0
19,40,1A,Tatkal,Off-peak,Express,0
52,37,3A,GN,Peak,Shatabdi,0
1,2,2A,Tatkal,Off-peak,Superfast,0
25,4,3A,Ladies,Peak,Rajdhani,0
53,1,3A,Ladies,Off-peak,Rajdhani,0
9,7,3A,Ladies,Off-peak,Superfast,1
55,25,2A,Ladies,Off-peak,Shatabdi,0
22,37,2A,Ladies,Off-peak,Rajdhani,0
36,27,Sleeper,Ladies,Peak,Rajdhani,0
17,45,2A,Ladies,Off-peak,Shatabdi,0
17,44,2A,Tatkal,Off-peak,Shatabdi,0
6,4,3A,Ladies,Off-peak,Rajdhani,1
57,13,2A,GN,Peak,Express,0
11,42,3A,GN,Peak,Shatabdi,1
20,29,2A,GN,Off-peak,Express,0
14,41,Sleeper,GN,Off-peak,Shatabdi,1
43,28,1A,Ladies,Off-peak,Rajdhani,0
3,35,2A,Ladies,Peak,Superfast,1
25,37,Sleeper,GN,Peak,Express,1
29,18,Sleeper,Tatkal,Off-peak,Shatabdi,0
3,19,3A,Tatkal,Peak,Shatabdi,0
15,34,2A,GN,Peak,Shatabdi,0
53,35,2A,Tatkal,Off-peak,Superfast,0
12,28,2A,Ladies,Peak,Shatabdi,0
13,8,3A,Ladies,Peak,Rajdhani,0
9,1,3A,Tatkal,Off-peak,Rajdhani,0
14,13,Sleeper,GN,Peak,Shatabdi,1
13,16,1A,Tatkal,Off-peak,Rajdhani,0
47,44,Sleeper,Ladies,Off-peak,Express,0
24,0,1A,Tatkal,Peak,Express,0
40,39,2A,Tatkal,Peak,Rajdhani,0
12,17,2A,GN,Peak,Rajdhani,0
58,11,3A,Ladies,Off-peak,Express,0
11,15,Sleeper,GN,Off-peak,Shatabdi,1
3,8,2A,Tatkal,Peak,Rajdhani,0
6,29,3A,GN,Peak,Superfast,1
4,23,Sleeper,Tatkal,Off-peak,Superfast,0
43,34,1A,Ladies,Peak,Express,0
42,40,1A,Tatkal,Off-peak,Express,0
7,39,3A,Tatkal,Peak,Express,0
24,40,3A,Ladies,Off-peak,Shatabdi,0
51,43,1A,Ladies,Peak,Superfast,0
33,4,3A,GN,Off-peak,Rajdhani,0
52,37,2A,Tatkal,Off-peak,Superfast,0
46,16,3A,GN,Off-peak,Shatabdi,0
41,12,1A,Ladies,Peak,Shatabdi,0
7,8,Sleeper,GN,Peak,Rajdhani,1
34,29,Sleeper,GN,Off-peak,Express,1
52,39,Sleeper,Ladies,Peak,Express,0
55,3,1A,Tatkal,Peak,Shatabdi,0
39,9,2A,GN,Off-peak,Superfast,0
12,38,2A,Ladies,Peak,Express,0
7,11,3A,GN,Off-peak,Express,1
48,16,3A,GN,Off-peak,Shatabdi,0
11,1,2A,Tatkal,Peak,Shatabdi,0
8,24,3A,Tatkal,Off-peak,Superfast,0
38,41,1A,GN,Peak,Rajdhani,0
45,34,3A,GN,Off-peak,Superfast,0
20,28,Sleeper,Tatkal,Off-peak,Superfast,0
1,17,1A,GN,Peak,Rajdhani,1
56,23,1A,Ladies,Off-peak,Rajdhani,0
40,20,3A,Ladies,Off-peak,Express,0
17,39,3A,Tatkal,Off-peak,Shatabdi,0
11,38,2A,Tatkal,Peak,Superfast,0
12,28,1A,Tatkal,Off-peak,Shatabdi,0
11,22,3A,GN,Off-peak,Rajdhani,1
57,25,2A,Ladies,Peak,Shatabdi,0
52,38,3A,GN,Off-peak,Shatabdi,0
10,37,2A,GN,Peak,Superfast,1
60,26,3A,GN,Peak,Superfast,0
21,42,1A,GN,Off-peak,Shatabdi,0
30,42,3A,Ladies,Off-peak,Shatabdi,0
53,39,2A,Ladies,Peak,Rajdhani,0
28,24,Sleeper,Tatkal,Off-peak,Rajdhani,0
42,42,2A,GN,Peak,Shatabdi,0
47,6,3A,Ladies,Peak,Rajdhani,0
18,36,3A,Ladies,Peak,Rajdhani,0
53,41,Sleeper,GN,Peak,Rajdhani,0
54,11,Sleeper,Tatkal,Off-peak,Rajdhani,0
46,23,3A,Tatkal,Off-peak,Express,0
26,19,Sleeper,GN,Peak,Superfast,1
17,35,Sleeper,Tatkal,Off-peak,Superfast,0
49,8,Sleeper,GN,Off-peak,Shatabdi,0
37,32,1A,Tatkal,Off-peak,Shatabdi,0
54,20,2A,Ladies,Off-peak,Express,0
19,25,2A,Ladies,Peak,Express,0
47,8,3A,Tatkal,Peak,Rajdhani,0
40,9,1A,GN,Peak,Rajdhani,0
13,11,Sleeper,Tatkal,Peak,Rajdhani,0
19,10,2A,Ladies,Peak,Rajdhani,0
19,31,Sleeper,GN,Off-peak,Express,1
10,26,2A,Ladies,Peak,Shatabdi,0
33,44,3A,GN,Peak,Rajdhani,0
15,27,1A,Tatkal,Peak,Shatabdi,0
46,0,Sleeper,GN,Off-peak,Shatabdi,0
48,10,2A,GN,Off-peak,Shatabdi,0
56,6,Sleeper,Tatkal,Peak,Superfast,0
52,11,2A,GN,Peak,Rajdhani,0
60,22,3A,Tatkal,Peak,Rajdhani,0
4,28,1A,Ladies,Off-peak,Shatabdi,1
53,29,1A,GN,Peak,Shatabdi,0
55,35,3A,Ladies,Off-peak,Shatabdi,0
14,30,1A,Ladies,Peak,Superfast,0
41,7,1A,GN,Off-peak,Express,0
7,15,1A,Ladies,Off-peak,Rajdhani,0
1,4,3A,GN,Peak,Shatabdi,1
58,14,3A,GN,Peak,Superfast,0
58,11,1A,Ladies,Peak,Express,0
21,45,Sleeper,Tatkal,Off-peak,Express,0
25,6,Sleeper,Tatkal,Off-peak,Shatabdi,0
1,40,Sleeper,Ladies,Off-peak,Shatabdi,1
50,4,3A,Tatkal,Off-peak,Express,0
8,29,Sleeper,Tatkal,Off-peak,Shatabdi,0
35,44,2A,Tatkal,Off-peak,Shatabdi,0
48,43,Sleeper,Ladies,Peak,Express,0
25,23,1A,Ladies,Off-peak,Shatabdi,0
40,22,Sleeper,GN,Off-peak,Express,1
14,19,3A,Tatkal,Off-peak,Shatabdi,0
39,17,1A,Ladies,Peak,Express,0
48,19,3A,Ladies,Peak,Express,0
18,40,1A,GN,Off-peak,Express,0
38,19,Sleeper,Tatkal,Off-peak,Express,0
2,35,Sleeper,Ladies,Off-peak,Superfast,1
44,43,1A,Tatkal,Off-peak,Superfast,0
26,17,Sleeper,Ladies,Peak,Superfast,0
8,26,1A,GN,Off-peak,Express,0
34,40,2A,GN,Off-peak,Rajdhani,0
25,18,Sleeper,Tatkal,Off-peak,Superfast,0
1,38,3A,Ladies,Off-peak,Rajdhani,1
21,10,Sleeper,GN,Peak,Express,1
9,29,Sleeper,Tatkal,Off-peak,Superfast,0
36,38,Sleeper,GN,Peak,Superfast,1
35,16,2A,Ladies,Peak,Shatabdi,0
1,35,3A,Ladies,Peak,Superfast,1
31,19,3A,Ladies,Off-peak,Superfast,0
54,6,2A,Tatkal,Peak,Rajdhani,0
10,28,2A,GN,Peak,Rajdhani,1
14,2,2A,Ladies,Off-peak,Express,0
7,37,2A,Ladies,Peak,Rajdhani,0
59,22,1A,Tatkal,Peak,Superfast,0
50,36,3A,Tatkal,Off-peak,Express,0
29,36,Sleeper,Ladies,Off-peak,Rajdhani,1
42,7,1A,GN,Off-peak,Rajdhani,0
2,7,3A,Tatkal,Off-peak,Rajdhani,0
4,14,2A,Tatkal,Off-peak,Superfast,0
9,38,Sleeper,Tatkal,Off-peak,Superfast,0
43,21,1A,Ladies,Off-peak,Superfast,0
11,19,Sleeper,Tatkal,Peak,Shatabdi,0
8,20,2A,Ladies,Off-peak,Express,1
9,20,1A,GN,Peak,Shatabdi,0
8,38,Sleeper,Tatkal,Peak,Shatabdi,0
60,40,2A,Tatkal,Peak,Superfast,0
32,19,1A,Tatkal,Off-peak,Superfast,0
44,20,2A,Ladies,Peak,Express,0
21,10,Sleeper,GN,Peak,Superfast,1
1,31,Sleeper,GN,Off-peak,Superfast,1
47,22,3A,GN,Peak,Rajdhani,0
1,15,1A,GN,Peak,Rajdhani,1
60,4,1A,GN,Peak,Express,0
32,10,1A,Tatkal,Peak,Superfast,0
36,20,2A,Ladies,Off-peak,Shatabdi,0
12,37,2A,GN,Off-peak,Shatabdi,0
46,20,Sleeper,Tatkal,Peak,Superfast,0
32,23,Sleeper,Tatkal,Peak,Rajdhani,0
22,3,Sleeper,Tatkal,Off-peak,Rajdhani,0
17,28,1A,Tatkal,Off-peak,Express,0
15,23,3A,Tatkal,Peak,Superfast,0
29,33,2A,GN,Off-peak,Rajdhani,0
23,37,2A,Ladies,Off-peak,Shatabdi,0
17,18,3A,GN,Off-peak,Shatabdi,1
32,32,Sleeper,GN,Peak,Rajdhani,0
34,13,1A,GN,Peak,Shatabdi,0
16,41,3A,Tatkal,Peak,Express,0
33,34,3A,Ladies,Peak,Superfast,0
51,11,1A,Ladies,Off-peak,Shatabdi,0
1,18,1A,GN,Off-peak,Rajdhani,1
21,11,Sleeper,Tatkal,Off-peak,Express,0
21,42,3A,Tatkal,Peak,Express,0
52,32,Sleeper,GN,Peak,Superfast,0
28,43,1A,GN,Off-peak,Superfast,0
56,24,1A,GN,Off-peak,Express,0
48,24,3A,Ladies,Off-peak,Rajdhani,0
20,14,3A,Tatkal,Peak,Superfast,0
57,24,1A,Tatkal,Off-peak,Rajdhani,0
40,37,Sleeper,Ladies,Peak,Rajdhani,0
4,34,2A,Tatkal,Peak,Rajdhani,0
35,14,2A,GN,Peak,Rajdhani,0
35,38,1A,Ladies,Off-peak,Superfast,0
11,41,2A,Tatkal,Off-peak,Superfast,0
40,42,1A,Ladies,Off-peak,Express,0
11,35,2A,Tatkal,Off-peak,Superfast,0
49,33,3A,Ladies,Peak,Rajdhani,0
12,9,Sleeper,Tatkal,Off-peak,Rajdhani,0
53,8,2A,Ladies,Peak,Express,0
58,5,1A,GN,Off-peak,Superfast,0
59,16,2A,GN,Off-peak,Shatabdi,0
28,31,3A,Ladies,Off-peak,Rajdhani,0
6,11,3A,Ladies,Peak,Shatabdi,1
34,32,2A,Tatkal,Peak,Rajdhani,0
37,15,1A,Ladies,Peak,Superfast,0
59,21,Sleeper,GN,Peak,Rajdhani,0
29,29,Sleeper,Tatkal,Off-peak,Shatabdi,0
36,27,1A,Ladies,Peak,Shatabdi,0
53,23,Sleeper,Ladies,Off-peak,Rajdhani,0
49,29,Sleeper,Ladies,Off-peak,Shatabdi,0
9,43,1A,GN,Peak,Rajdhani,0
37,15,Sleeper,GN,Peak,Shatabdi,0
55,36,1A,Tatkal,Peak,Superfast,0
23,7,3A,Ladies,Off-peak,Rajdhani,0
37,3,2A,Ladies,Peak,Rajdhani,0
3,18,2A,GN,Peak,Superfast,1
14,45,1A,GN,Off-peak,Rajdhani,0
58,21,1A,GN,Off-peak,Express,0
9,28,Sleeper,GN,Off-peak,Express,1
37,15,3A,Tatkal,Peak,Rajdhani,0
46,0,2A,Ladies,Off-peak,Express,0
6,23,2A,Tatkal,Peak,Rajdhani,0
42,21,1A,Tatkal,Peak,Express,0
37,11,2A,Tatkal,Peak,Rajdhani,0
25,18,3A,Tatkal,Peak,Shatabdi,0
54,32,3A,Tatkal,Off-peak,Shatabdi,0
30,1,3A,Ladies,Off-peak,Express,0
27,0,2A,GN,Off-peak,Shatabdi,0
34,5,1A,Tatkal,Off-peak,Rajdhani,0
53,45,1A,GN,Peak,Rajdhani,0
40,44,1A,Tatkal,Peak,Superfast,0
35,40,2A,Tatkal,Off-peak,Rajdhani,0
24,7,Sleeper,GN,Peak,Shatabdi,1
32,13,Sleeper,Tatkal,Peak,Express,0
27,13,1A,GN,Peak,Superfast,0
41,16,2A,Tatkal,Peak,Shatabdi,0
38,20,3A,GN,Off-peak,Rajdhani,0
27,31,1A,Tatkal,Peak,Shatabdi,0
12,32,2A,Ladies,Off-peak,Superfast,0
56,20,2A,GN,Peak,Superfast,0
35,29,3A,Tatkal,Peak,Express,0
18,12,Sleeper,Ladies,Off-peak,Rajdhani,1
51,6,1A,Tatkal,Peak,Shatabdi,0
20,13,Sleeper,Ladies,Off-peak,Shatabdi,1
36,30,1A,Ladies,Off-peak,Shatabdi,0
47,14,3A,Tatkal,Off-peak,Express,0
29,0,2A,GN,Peak,Rajdhani,0
39,0,Sleeper,Tatkal,Peak,Express,0
2,11,3A,Tatkal,Peak,Superfast,1
17,10,Sleeper,Tatkal,Peak,Shatabdi,0
56,14,Sleeper,Ladies,Peak,Superfast,0
29,29,3A,GN,Off-peak,Superfast,0
5,1,Sleeper,Ladies,Off-peak,Superfast,0
7,36,3A,GN,Off-peak,Superfast,1
50,15,Sleeper,GN,Off-peak,Superfast,1
7,40,3A,GN,Off-peak,Express,1
2,37,1A,GN,Off-peak,Superfast,1
56,36,1A,GN,Peak,Shatabdi,0
24,5,1A,Tatkal,Peak,Shatabdi,0
19,0,2A,Ladies,Peak,Shatabdi,0
27,6,Sleeper,Ladies,Peak,Rajdhani,0
13,19,1A,Ladies,Off-peak,Rajdhani,0
45,24,3A,GN,Off-peak,Rajdhani,0
10,34,1A,Tatkal,Peak,Rajdhani,0
60,9,Sleeper,GN,Off-peak,Shatabdi,0
26,26,3A,GN,Off-peak,Shatabdi,0
27,34,Sleeper,GN,Off-peak,Express,1
31,38,2A,GN,Peak,Rajdhani,0
32,15,3A,Tatkal,Peak,Rajdhani,0
52,29,3A,Ladies,Off-peak,Rajdhani,0
13,2,1A,GN,Peak,Rajdhani,0
7,13,1A,Ladies,Peak,Express,0
57,4,1A,Tatkal,Peak,Shatabdi,0
8,1,2A,Tatkal,Off-peak,Express,0
51,7,1A,GN,Peak,Rajdhani,0
31,0,1A,Tatkal,Off-peak,Shatabdi,0
27,3,3A,GN,Off-peak,Superfast,0
55,8,3A,Tatkal,Peak,Rajdhani,0
42,25,Sleeper,GN,Off-peak,Shatabdi,1
14,37,2A,GN,Peak,Rajdhani,0
38,17,2A,Ladies,Off-peak,Express,0
57,11,1A,Ladies,Peak,Shatabdi,0
44,11,1A,Ladies,Off-peak,Superfast,0
7,14,3A,Tatkal,Off-peak,Rajdhani,0
42,29,2A,Ladies,Peak,Shatabdi,0
18,22,2A,Ladies,Off-peak,Rajdhani,0
25,2,3A,GN,Peak,Rajdhani,0
21,34,Sleeper,GN,Off-peak,Express,1
49,44,2A,Ladies,Off-peak,Superfast,0
31,35,1A,Ladies,Off-peak,Shatabdi,0
14,29,1A,GN,Peak,Superfast,0
20,29,2A,GN,Peak,Express,0
53,42,Sleeper,Ladies,Peak,Rajdhani,0
32,18,3A,GN,Off-peak,Superfast,1
3,3,1A,Ladies,Peak,Express,0
39,40,3A,GN,Off-peak,Shatabdi,0
18,34,2A,Ladies,Off-peak,Superfast,0
29,2,3A,GN,Peak,Express,0
21,17,1A,GN,Peak,Rajdhani,0
11,4,3A,GN,Off-peak,Shatabdi,1
56,0,2A,Tatkal,Peak,Shatabdi,0
49,13,Sleeper,GN,Peak,Rajdhani,0
36,33,1A,GN,Off-peak,Express,0
30,15,Sleeper,Ladies,Peak,Rajdhani,0
34,33,Sleeper,GN,Off-peak,Rajdhani,1
26,0,Sleeper,Ladies,Peak,Express,0
37,40,3A,GN,Peak,Express,0
13,29,1A,Ladies,Peak,Express,0
1,34,2A,Tatkal,Peak,Express,0
31,16,1A,GN,Peak,Rajdhani,0
2,38,2A,Ladies,Peak,Shatabdi,1
28,7,Sleeper,Ladies,Peak,Express,1
6,6,Sleeper,Tatkal,Peak,Superfast,0
45,16,2A,Ladies,Peak,Superfast,0
10,1,3A,Ladies,Off-peak,Rajdhani,0
5,23,3A,Tatkal,Peak,Superfast,0
27,26,Sleeper,Tatkal,Off-peak,Express,0
37,38,2A,Tatkal,Off-peak,Express,0
28,28,3A,Ladies,Peak,Rajdhani,0
4,35,3A,Tatkal,Peak,Shatabdi,0
46,34,Sleeper,Ladies,Peak,Shatabdi,0
42,14,1A,Ladies,Off-peak,Rajdhani,0
10,25,3A,GN,Off-peak,Rajdhani,1
32,16,2A,GN,Off-peak,Shatabdi,0
51,22,3A,Tatkal,Off-peak,Shatabdi,0
60,14,2A,Tatkal,Peak,Rajdhani,0
19,5,3A,Ladies,Peak,Shatabdi,0
36,44,2A,GN,Peak,Express,0
5,40,3A,Ladies,Off-peak,Superfast,1
37,1,2A,Ladies,Off-peak,Rajdhani,0
57,2,Sleeper,Tatkal,Peak,Shatabdi,0
4,16,1A,Tatkal,Peak,Rajdhani,0
6,8,3A,Ladies,Peak,Express,1
6,1,Sleeper,Ladies,Peak,Shatabdi,0
58,8,1A,GN,Off-peak,Rajdhani,0
9,1,2A,Ladies,Off-peak,Rajdhani,0
32,27,1A,Tatkal,Peak,Superfast,0
20,24,Sleeper,Tatkal,Peak,Shatabdi,0
29,26,3A,Ladies,Off-peak,Express,0
53,1,Sleeper,Ladies,Peak,Superfast,0
16,0,2A,Tatkal,Peak,Superfast,0
32,9,2A,GN,Off-peak,Express,0
6,31,1A,Ladies,Peak,Shatabdi,0
21,6,3A,Tatkal,Peak,Express,0
29,0,1A,Tatkal,Off-peak,Superfast,0
60,44,1A,GN,Peak,Superfast,0
5,39,1A,Tatkal,Off-peak,Superfast,0
51,39,2A,Tatkal,Off-peak,Rajdhani,0
43,10,Sleeper,Ladies,Peak,Superfast,0
1,2,1A,GN,Off-peak,Express,1
20,9,3A,GN,Off-peak,Superfast,1
52,13,2A,GN,Off-peak,Express,0
57,24,3A,GN,Peak,Rajdhani,0
22,40,1A,Tatkal,Off-peak,Shatabdi,0
23,16,3A,GN,Off-peak,Superfast,1
52,18,Sleeper,GN,Peak,Express,0
50,12,Sleeper,Ladies,Peak,Express,0
16,0,1A,GN,Off-peak,Shatabdi,0
22,43,2A,Ladies,Peak,Rajdhani,0
34,33,2A,Ladies,Off-peak,Rajdhani,0
26,25,2A,GN,Off-peak,Rajdhani,0
53,6,Sleeper,GN,Peak,Shatabdi,0
53,23,2A,GN,Off-peak,Rajdhani,0
52,11,3A,GN,Peak,Express,0
4,19,1A,GN,Peak,Express,0
10,6,1A,GN,Peak,Shatabdi,0
11,3,3A,GN,Off-peak,Rajdhani,1
6,5,2A,GN,Peak,Shatabdi,0
20,30,Sleeper,GN,Peak,Express,1
48,6,1A,Ladies,Off-peak,Rajdhani,0
50,6,1A,GN,Off-peak,Rajdhani,0
47,32,2A,GN,Off-peak,Express,0
53,33,2A,Tatkal,Peak,Rajdhani,0
5,13,1A,Tatkal,Peak,Superfast,0
34,10,Sleeper,GN,Off-peak,Shatabdi,0
36,33,1A,Ladies,Peak,Express,0
9,29,Sleeper,Ladies,Peak,Express,1
8,26,Sleeper,Tatkal,Peak,Rajdhani,0
50,39,1A,GN,Peak,Shatabdi,0
44,38,1A,Tatkal,Off-peak,Express,0
50,7,3A,Tatkal,Off-peak,Shatabdi,0
3,28,1A,Ladies,Peak,Rajdhani,1
12,18,Sleeper,Ladies,Off-peak,Superfast,1
30,32,Sleeper,GN,Peak,Superfast,0
43,18,3A,GN,Peak,Express,0
12,10,Sleeper,Tatkal,Peak,Express,0
39,42,1A,Ladies,Off-peak,Express,0
17,25,1A,GN,Off-peak,Express,0
44,43,2A,GN,Off-peak,Rajdhani,0
16,36,2A,Ladies,Peak,Rajdhani,0
21,3,Sleeper,Tatkal,Off-peak,Shatabdi,0
25,4,Sleeper,Tatkal,Peak,Shatabdi,0
13,23,Sleeper,Ladies,Off-peak,Shatabdi,1
19,13,Sleeper,Ladies,Peak,Shatabdi,1
19,34,2A,Ladies,Peak,Shatabdi,0
2,0,2A,GN,Off-peak,Rajdhani,0
53,0,2A,GN,Peak,Shatabdi,0
7,23,Sleeper,Tatkal,Off-peak,Superfast,0
49,45,1A,Ladies,Off-peak,Express,0
46,15,3A,Ladies,Off-peak,Shatabdi,0
20,35,Sleeper,GN,Peak,Superfast,1
2,7,2A,Tatkal,Off-peak,Superfast,0
50,9,1A,Ladies,Off-peak,Rajdhani,0
21,30,3A,Ladies,Off-peak,Superfast,1
48,7,3A,Ladies,Peak,Express,0
59,31,2A,GN,Peak,Shatabdi,0
38,23,1A,Ladies,Peak,Superfast,0
24,16,3A,Tatkal,Peak,Express,0
11,14,1A,GN,Peak,Superfast,0
51,18,1A,Ladies,Off-peak,Superfast,0
28,29,1A,GN,Peak,Superfast,0
5,28,Sleeper,GN,Off-peak,Shatabdi,1
4,32,1A,GN,Off-peak,Express,1
52,16,1A,Ladies,Peak,Express,0
43,3,3A,GN,Off-peak,Superfast,0
20,14,Sleeper,GN,Off-peak,Superfast,1
53,4,2A,Ladies,Off-peak,Express,0
43,11,1A,GN,Peak,Shatabdi,0
22,16,1A,Ladies,Off-peak,Shatabdi,0
58,28,3A,Ladies,Off-peak,Rajdhani,0
29,26,1A,Tatkal,Peak,Rajdhani,0
29,41,1A,Ladies,Peak,Shatabdi,0
31,4,3A,Tatkal,Peak,Express,0
31,26,3A,Tatkal,Peak,Shatabdi,0
58,33,1A,Ladies,Off-peak,Rajdhani,0
27,42,Sleeper,Tatkal,Off-peak,Shatabdi,0
12,3,2A,Tatkal,Peak,Superfast,0
1,22,Sleeper,Ladies,Peak,Express,1
13,36,1A,Ladies,Peak,Superfast,0
39,28,1A,Tatkal,Peak,Superfast,0
13,43,2A,Tatkal,Off-peak,Rajdhani,0
48,30,1A,Tatkal,Off-peak,Superfast,0
17,10,1A,GN,Peak,Shatabdi,0
54,33,2A,GN,Peak,Express,0
14,25,3A,Tatkal,Peak,Shatabdi,0
4,45,3A,GN,Peak,Express,1
7,6,Sleeper,Tatkal,Off-peak,Express,1
28,38,Sleeper,Tatkal,Peak,Express,0
11,3,2A,GN,Off-peak,Rajdhani,0
19,17,1A,Ladies,Peak,Rajdhani,0
24,11,Sleeper,Tatkal,Peak,Shatabdi,0
38,11,3A,GN,Peak,Express,0
37,35,Sleeper,GN,Off-peak,Shatabdi,0
44,25,2A,Tatkal,Peak,Rajdhani,0
28,34,Sleeper,GN,Off-peak,Express,1
57,1,3A,GN,Off-peak,Shatabdi,0
29,2,2A,Ladies,Peak,Rajdhani,0
19,37,3A,GN,Peak,Express,0
54,29,3A,Tatkal,Off-peak,Express,0
37,14,Sleeper,Tatkal,Peak,Superfast,0
51,28,1A,GN,Peak,Shatabdi,0
37,2,1A,Tatkal,Off-peak,Rajdhani,0
11,22,2A,GN,Peak,Shatabdi,0
9,29,3A,Tatkal,Peak,Rajdhani,0
11,36,Sleeper,Tatkal,Peak,Superfast,0
42,3,2A,Ladies,Off-peak,Rajdhani,0
9,27,1A,Tatkal,Off-peak,Superfast,0
53,10,1A,GN,Off-peak,Superfast,0
14,37,1A,Tatkal,Off-peak,Rajdhani,0
29,0,1A,Tatkal,Peak,Express,0
48,31,2A,Tatkal,Peak,Shatabdi,0
3,34,Sleeper,Ladies,Peak,Shatabdi,1
39,2,3A,GN,Peak,Superfast,0
50,19,3A,Ladies,Peak,Superfast,0
17,34,Sleeper,Ladies,Peak,Shatabdi,1
58,10,2A,GN,Peak,Shatabdi,0
12,0,3A,GN,Off-peak,Rajdhani,0
3,9,2A,Ladies,Off-peak,Superfast,1
55,3,Sleeper,Ladies,Peak,Superfast,0
19,21,Sleeper,GN,Off-peak,Superfast,1
45,13,3A,GN,Peak,Shatabdi,0
19,15,1A,GN,Off-peak,Shatabdi,0
1,34,Sleeper,Tatkal,Peak,Rajdhani,0
9,17,2A,GN,Peak,Rajdhani,0
29,21,1A,Tatkal,Peak,Rajdhani,0
8,9,3A,Tatkal,Off-peak,Shatabdi,0
5,30,1A,Tatkal,Off-peak,Superfast,0
11,4,Sleeper,Tatkal,Peak,Superfast,0
42,5,3A,Tatkal,Off-peak,Rajdhani,0
38,8,3A,Tatkal,Off-peak,Rajdhani,0
45,14,Sleeper,Tatkal,Off-peak,Shatabdi,0
47,25,3A,Tatkal,Off-peak,Express,0
21,9,1A,Tatkal,Off-peak,Rajdhani,0
58,9,Sleeper,Ladies,Off-peak,Rajdhani,0
29,14,Sleeper,GN,Peak,Superfast,1
21,8,2A,GN,Peak,Shatabdi,0
46,6,Sleeper,Tatkal,Peak,Superfast,0
23,0,2A,GN,Off-peak,Shatabdi,0
47,8,Sleeper,Ladies,Peak,Superfast,0
16,42,Sleeper,Ladies,Off-peak,Express,1
59,37,1A,Ladies,Peak,Superfast,0
30,38,3A,Tatkal,Off-peak,Shatabdi,0
10,5,3A,Ladies,Off-peak,Superfast,1
45,34,Sleeper,Ladies,Peak,Rajdhani,0
20,34,1A,Tatkal,Peak,Express,0
32,40,1A,Ladies,Peak,Shatabdi,0
57,15,3A,Ladies,Off-peak,Superfast,0
7,22,Sleeper,GN,Off-peak,Express,1
46,34,2A,Tatkal,Off-peak,Rajdhani,0
57,33,2A,Ladies,Off-peak,Shatabdi,0
54,34,3A,Tatkal,Off-peak,Express,0
9,25,3A,GN,Off-peak,Express,1
31,8,3A,Tatkal,Off-peak,Shatabdi,0
56,40,2A,Ladies,Off-peak,Rajdhani,0
51,37,1A,GN,Peak,Shatabdi,0
12,22,Sleeper,GN,Peak,Superfast,1
47,42,1A,GN,Off-peak,Express,0
12,35,1A,GN,Off-peak,Shatabdi,0
42,0,Sleeper,GN,Peak,Shatabdi,0
60,17,Sleeper,Tatkal,Peak,Rajdhani,0
51,0,1A,Tatkal,Peak,Express,0
3,8,1A,Tatkal,Peak,Superfast,0
59,21,Sleeper,Ladies,Off-peak,Express,0
13,11,Sleeper,Tatkal,Off-peak,Rajdhani,0
2,45,3A,Ladies,Peak,Rajdhani,1
48,5,3A,GN,Off-peak,Shatabdi,0
35,39,3A,GN,Peak,Superfast,0
54,29,Sleeper,GN,Peak,Express,0
55,0,Sleeper,Tatkal,Peak,Shatabdi,0
30,31,Sleeper,Tatkal,Off-peak,Superfast,0
26,7,1A,GN,Off-peak,Express,0
56,8,1A,Tatkal,Peak,Superfast,0
1,0,2A,GN,Off-peak,Shatabdi,0
13,17,1A,GN,Off-peak,Express,0
43,9,3A,Ladies,Peak,Shatabdi,0
56,12,1A,GN,Peak,Superfast,0
19,45,Sleeper,Tatkal,Off-peak,Shatabdi,0
13,45,Sleeper,Tatkal,Off-peak,Superfast,0
58,18,Sleeper,Ladies,Peak,Express,0
12,29,1A,Ladies,Off-peak,Superfast,0
31,26,Sleeper,Tatkal,Peak,Superfast,0
39,18,3A,Ladies,Peak,Superfast,0
57,27,Sleeper,Tatkal,Off-peak,Superfast,0
7,32,1A,GN,Peak,Express,0
40,39,3A,GN,Off-peak,Shatabdi,0
3,10,2A,Ladies,Peak,Express,1
20,17,2A,GN,Off-peak,Shatabdi,0
15,17,2A,Tatkal,Off-peak,Shatabdi,0
33,24,2A,Tatkal,Peak,Shatabdi,0
23,18,2A,Ladies,Peak,Express,0
54,8,1A,Ladies,Peak,Superfast,0
45,29,3A,GN,Off-peak,Superfast,0
5,41,Sleeper,GN,Off-peak,Shatabdi,1
33,21,2A,Tatkal,Off-peak,Shatabdi,0
6,25,2A,GN,Off-peak,Rajdhani,1
54,2,3A,Tatkal,Peak,Superfast,0
44,27,Sleeper,Tatkal,Off-peak,Express,0
48,6,2A,GN,Off-peak,Superfast,0
18,13,1A,GN,Off-peak,Express,0
6,34,1A,Ladies,Off-peak,Express,0
17,26,1A,GN,Off-peak,Shatabdi,0
26,35,Sleeper,Tatkal,Off-peak,Rajdhani,0
34,23,Sleeper,GN,Peak,Express,1
31,44,3A,Ladies,Peak,Rajdhani,0
50,33,2A,Tatkal,Peak,Express,0
42,35,1A,GN,Off-peak,Shatabdi,0
24,26,1A,GN,Off-peak,Rajdhani,0
15,45,3A,Tatkal,Off-peak,Express,0
38,32,3A,GN,Peak,Express,0
31,41,1A,Ladies,Peak,Rajdhani,0
53,25,1A,Ladies,Peak,Shatabdi,0
12,11,1A,Tatkal,Off-peak,Superfast,0
50,5,Sleeper,Ladies,Off-peak,Express,0
22,13,2A,Ladies,Peak,Express,0
31,13,1A,GN,Off-peak,Shatabdi,0
45,32,1A,Tatkal,Peak,Superfast,0
52,40,2A,GN,Off-peak,Shatabdi,0
9,7,1A,GN,Off-peak,Express,0
49,44,Sleeper,Ladies,Off-peak,Express,1
2,26,1A,GN,Peak,Rajdhani,1
49,4,1A,GN,Peak,Express,0
13,37,3A,Ladies,Peak,Shatabdi,0
32,7,3A,Tatkal,Off-peak,Shatabdi,0
50,14,1A,GN,Off-peak,Rajdhani,0
35,27,2A,Ladies,Off-peak,Shatabdi,0
26,37,2A,GN,Peak,Shatabdi,0
46,44,3A,GN,Peak,Superfast,0
20,43,Sleeper,GN,Off-peak,Superfast,1
50,36,1A,Tatkal,Peak,Express,0
39,11,Sleeper,Ladies,Off-peak,Express,1
13,0,2A,Tatkal,Peak,Superfast,0
15,35,2A,Ladies,Peak,Rajdhani,0
45,9,Sleeper,Tatkal,Peak,Express,0
31,32,Sleeper,Tatkal,Off-peak,Superfast,0
43,14,Sleeper,Tatkal,Peak,Rajdhani,0
25,41,2A,Ladies,Peak,Rajdhani,0
22,0,3A,Tatkal,Peak,Rajdhani,0
31,3,3A,Tatkal,Off-peak,Rajdhani,0
29,3,3A,GN,Peak,Rajdhani,0
30,10,1A,GN,Peak,Express,0
36,11,2A,Tatkal,Off-peak,Rajdhani,0
43,1,1A,GN,Off-peak,Shatabdi,0
42,41,1A,Ladies,Off-peak,Rajdhani,0
5,26,Sleeper,Tatkal,Peak,Express,0
55,7,3A,Tatkal,Off-peak,Express,0
9,0,Sleeper,Ladies,Peak,Rajdhani,0
16,39,Sleeper,Tatkal,Peak,Shatabdi,0
60,26,3A,Ladies,Off-peak,Superfast,0
18,13,2A,Ladies,Off-peak,Shatabdi,0
42,16,2A,Ladies,Off-peak,Rajdhani,0
6,11,Sleeper,Ladies,Off-peak,Shatabdi,1
20,10,2A,GN,Off-peak,Rajdhani,0
38,5,3A,GN,Off-peak,Superfast,0
16,0,3A,Ladies,Off-peak,Express,0
26,45,Sleeper,GN,Off-peak,Express,1
1,8,2A,GN,Off-peak,Superfast,1
9,44,2A,GN,Off-peak,Superfast,1
15,44,1A,Tatkal,Peak,Express,0
51,23,2A,Ladies,Peak,Shatabdi,0
56,25,2A,Ladies,Peak,Rajdhani,0
23,45,1A,Tatkal,Peak,Superfast,0
18,45,1A,Tatkal,Peak,Shatabdi,0
9,14,1A,GN,Off-peak,Express,0
52,29,1A,Tatkal,Peak,Shatabdi,0
24,37,2A,Ladies,Off-peak,Shatabdi,0
9,3,2A,GN,Off-peak,Shatabdi,0
11,26,3A,GN,Off-peak,Express,1
26,4,1A,Ladies,Off-peak,Shatabdi,0
13,22,1A,Ladies,Peak,Shatabdi,0
14,20,1A,Tatkal,Off-peak,Express,0
29,39,3A,Tatkal,Off-peak,Rajdhani,0
20,7,3A,Tatkal,Peak,Rajdhani,0
34,16,3A,GN,Off-peak,Shatabdi,0
39,33,3A,Ladies,Peak,Shatabdi,0
9,25,Sleeper,GN,Peak,Rajdhani,1
19,19,Sleeper,Ladies,Off-peak,Express,1
10,39,Sleeper,Tatkal,Peak,Rajdhani,0
56,18,Sleeper,GN,Off-peak,Rajdhani,0
2,13,1A,Tatkal,Peak,Express,0
9,2,1A,Ladies,Off-peak,Express,0
20,10,3A,Tatkal,Peak,Superfast,0
40,45,3A,GN,Peak,Shatabdi,0
22,14,Sleeper,Ladies,Off-peak,Express,1
28,38,Sleeper,Ladies,Off-peak,Express,1
9,36,Sleeper,Ladies,Off-peak,Express,1
35,8,Sleeper,GN,Off-peak,Superfast,1
16,40,Sleeper,Tatkal,Off-peak,Express,0
7,33,1A,Ladies,Off-peak,Express,0
10,41,2A,GN,Off-peak,Shatabdi,1
51,19,1A,Tatkal,Peak,Shatabdi,0
21,14,Sleeper,Ladies,Peak,Express,1
43,39,2A,Tatkal,Peak,Rajdhani,0
4,31,1A,Tatkal,Peak,Shatabdi,0
5,31,2A,GN,Peak,Express,1
6,36,3A,GN,Peak,Superfast,1
54,39,Sleeper,Ladies,Peak,Express,0
13,13,1A,GN,Peak,Superfast,0
47,11,2A,Tatkal,Off-peak,Express,0
19,35,Sleeper,Tatkal,Off-peak,Express,0
2,28,1A,GN,Peak,Superfast,1
5,0,1A,Tatkal,Off-peak,Rajdhani,0
50,38,Sleeper,Tatkal,Peak,Superfast,0
6,30,3A,Ladies,Peak,Superfast,1
6,17,2A,Tatkal,Peak,Superfast,0
3,38,Sleeper,Ladies,Off-peak,Rajdhani,1
23,22,Sleeper,Ladies,Peak,Superfast,1
58,28,2A,Tatkal,Off-peak,Superfast,0
16,38,Sleeper,Tatkal,Peak,Express,0
53,30,Sleeper,GN,Off-peak,Rajdhani,0
38,15,Sleeper,Ladies,Off-peak,Superfast,1
58,19,Sleeper,Ladies,Off-peak,Rajdhani,0
49,15,3A,GN,Peak,Rajdhani,0
44,13,1A,Tatkal,Peak,Rajdhani,0
16,32,2A,Ladies,Off-peak,Superfast,0
41,44,Sleeper,Ladies,Off-peak,Rajdhani,0
10,25,2A,GN,Off-peak,Rajdhani,1
58,24,2A,Ladies,Off-peak,Shatabdi,0
56,13,3A,Tatkal,Off-peak,Shatabdi,0
13,3,3A,Ladies,Off-peak,Superfast,0
17,1,Sleeper,Tatkal,Off-peak,Rajdhani,0
33,38,1A,GN,Peak,Rajdhani,0
44,45,Sleeper,Ladies,Peak,Superfast,0
56,14,Sleeper,GN,Peak,Shatabdi,0
52,24,1A,GN,Peak,Superfast,0
35,17,2A,Ladies,Peak,Superfast,0
11,25,3A,GN,Peak,Rajdhani,1
39,41,1A,GN,Off-peak,Express,0
52,43,3A,GN,Peak,Superfast,0
15,38,1A,Ladies,Peak,Express,0
31,17,2A,Ladies,Off-peak,Superfast,0
31,44,Sleeper,Ladies,Peak,Shatabdi,1
6,28,Sleeper,Tatkal,Off-peak,Rajdhani,0
53,39,2A,Ladies,Peak,Superfast,0
27,31,1A,Tatkal,Peak,Express,0
12,15,2A,Ladies,Off-peak,Rajdhani,0
24,14,Sleeper,GN,Off-peak,Rajdhani,1
48,34,2A,GN,Peak,Superfast,0
32,35,1A,GN,Peak,Express,0
34,25,Sleeper,Tatkal,Peak,Express,0
16,2,1A,Tatkal,Peak,Express,0
54,0,2A,GN,Peak,Rajdhani,0
42,40,1A,Tatkal,Peak,Rajdhani,0
1,13,Sleeper,Ladies,Peak,Shatabdi,1
4,15,Sleeper,GN,Off-peak,Shatabdi,1
2,38,2A,Tatkal,Peak,Shatabdi,0
50,29,2A,Ladies,Off-peak,Superfast,0
15,7,3A,Tatkal,Peak,Rajdhani,0
40,45,1A,GN,Peak,Express,0
23,31,2A,Ladies,Off-peak,Superfast,0
52,17,3A,GN,Off-peak,Superfast,0
48,35,2A,Ladies,Off-peak,Superfast,0
15,32,Sleeper,GN,Peak,Rajdhani,1
46,35,1A,Tatkal,Off-peak,Shatabdi,0
19,18,2A,Tatkal,Off-peak,Shatabdi,0
56,10,2A,GN,Peak,Express,0
40,31,Sleeper,Tatkal,Off-peak,Express,0
1,15,1A,GN,Off-peak,Shatabdi,1
20,34,1A,GN,Off-peak,Rajdhani,0
19,28,3A,Tatkal,Off-peak,Rajdhani,0
9,12,2A,GN,Off-peak,Superfast,1
2,4,2A,GN,Peak,Rajdhani,1
29,14,Sleeper,Tatkal,Off-peak,Rajdhani,0
21,27,Sleeper,Tatkal,Off-peak,Rajdhani,0
24,8,3A,Tatkal,Off-peak,Rajdhani,0
14,15,2A,Tatkal,Off-peak,Superfast,0
4,45,1A,Tatkal,Off-peak,Shatabdi,0
7,43,2A,Ladies,Off-peak,Rajdhani,1
21,29,Sleeper,Ladies,Peak,Express,1
28,19,1A,Ladies,Peak,Express,0
22,24,Sleeper,Ladies,Peak,Shatabdi,0
57,20,1A,Tatkal,Off-peak,Express,0
36,0,2A,Ladies,Off-peak,Rajdhani,0
50,11,3A,Ladies,Off-peak,Express,0
52,5,2A,GN,Peak,Rajdhani,0
37,11,3A,GN,Off-peak,Express,0
32,15,3A,GN,Peak,Express,0
14,43,3A,GN,Off-peak,Superfast,1
17,2,3A,Ladies,Peak,Superfast,0
16,10,1A,Tatkal,Off-peak,Shatabdi,0
17,10,1A,Tatkal,Peak,Shatabdi,0
15,34,2A,Ladies,Peak,Rajdhani,0
9,15,3A,GN,Peak,Superfast,1
45,0,Sleeper,Tatkal,Peak,Shatabdi,0
49,11,2A,Tatkal,Peak,Shatabdi,0
20,31,Sleeper,Ladies,Peak,Rajdhani,0
52,43,1A,Tatkal,Off-peak,Rajdhani,0
22,17,2A,GN,Off-peak,Rajdhani,0
59,28,2A,Tatkal,Peak,Shatabdi,0
36,14,Sleeper,GN,Peak,Express,0
51,18,3A,GN,Peak,Shatabdi,0
50,27,3A,GN,Off-peak,Express,0
30,29,3A,GN,Peak,Express,0
57,32,Sleeper,Tatkal,Off-peak,Superfast,0
47,30,Sleeper,Tatkal,Peak,Shatabdi,0
36,23,Sleeper,GN,Off-peak,Rajdhani,1
22,39,2A,GN,Off-peak,Shatabdi,0
41,18,Sleeper,Ladies,Peak,Express,0
51,45,2A,Ladies,Peak,Shatabdi,0
58,31,2A,GN,Off-peak,Express,0
51,23,3A,Tatkal,Off-peak,Express,0
9,23,Sleeper,Tatkal,Peak,Rajdhani,0
54,2,3A,Ladies,Off-peak,Shatabdi,0
52,32,2A,Ladies,Off-peak,Superfast,0
27,4,2A,Ladies,Off-peak,Superfast,0
21,38,1A,Ladies,Peak,Rajdhani,0
34,13,1A,Ladies,Off-peak,Rajdhani,0
17,38,1A,GN,Off-peak,Superfast,0
1,18,3A,GN,Off-peak,Express,1
19,13,3A,GN,Peak,Superfast,1
58,24,Sleeper,GN,Peak,Shatabdi,0
46,35,Sleeper,Ladies,Peak,Superfast,0
40,18,2A,GN,Off-peak,Rajdhani,0
1,44,Sleeper,GN,Off-peak,Express,1
48,44,3A,GN,Peak,Superfast,0
32,19,3A,Ladies,Peak,Superfast,0
26,45,1A,Ladies,Off-peak,Rajdhani,0
55,32,3A,GN,Peak,Express,0
34,41,1A,GN,Off-peak,Superfast,0
5,24,Sleeper,Tatkal,Peak,Shatabdi,0
45,16,2A,Tatkal,Off-peak,Express,0
48,36,2A,Tatkal,Peak,Superfast,0
33,27,1A,Ladies,Off-peak,Express,0
13,43,3A,GN,Off-peak,Shatabdi,1
13,25,Sleeper,GN,Peak,Shatabdi,1
27,5,1A,Tatkal,Peak,Rajdhani,0
7,26,2A,Tatkal,Off-peak,Express,0
44,32,1A,Tatkal,Off-peak,Express,0
43,33,1A,Tatkal,Off-peak,Superfast,0
57,31,2A,GN,Peak,Superfast,0
31,27,2A,GN,Peak,Rajdhani,0
25,33,1A,Tatkal,Off-peak,Shatabdi,0
19,43,Sleeper,Tatkal,Peak,Express,0
25,22,2A,Tatkal,Peak,Shatabdi,0
12,16,2A,Tatkal,Peak,Express,0
60,18,Sleeper,GN,Peak,Shatabdi,0
34,26,1A,GN,Peak,Superfast,0
53,30,Sleeper,Ladies,Peak,Express,0
2,15,1A,GN,Peak,Superfast,1
52,17,3A,GN,Off-peak,Rajdhani,0
12,2,2A,Ladies,Peak,Shatabdi,0
2,38,2A,Ladies,Peak,Shatabdi,1
18,42,Sleeper,Ladies,Off-peak,Rajdhani,1
53,38,1A,Ladies,Off-peak,Express,0
9,17,2A,GN,Off-peak,Rajdhani,1
14,23,1A,Ladies,Off-peak,Rajdhani,0
20,20,Sleeper,Tatkal,Peak,Superfast,0
49,24,1A,Tatkal,Peak,Superfast,0
32,40,3A,Ladies,Off-peak,Rajdhani,0
57,21,Sleeper,GN,Off-peak,Rajdhani,0
11,45,2A,Tatkal,Peak,Rajdhani,0
52,14,Sleeper,Tatkal,Peak,Superfast,0
34,17,Sleeper,Tatkal,Peak,Superfast,0
10,2,3A,GN,Off-peak,Express,0
31,18,1A,Tatkal,Off-peak,Superfast,0
8,42,2A,GN,Off-peak,Superfast,1
59,43,3A,GN,Peak,Shatabdi,0
54,38,2A,Ladies,Off-peak,Superfast,0
7,36,1A,GN,Peak,Shatabdi,0
11,27,Sleeper,Ladies,Off-peak,Express,1
46,39,2A,GN,Off-peak,Express,0
54,30,2A,Ladies,Peak,Rajdhani,0
55,28,3A,Ladies,Peak,Express,0
26,11,3A,Ladies,Peak,Superfast,0
6,33,Sleeper,Tatkal,Peak,Superfast,1
50,9,1A,Tatkal,Off-peak,Superfast,0
27,39,Sleeper,Tatkal,Peak,Shatabdi,0
9,29,3A,GN,Off-peak,Rajdhani,1
29,39,Sleeper,GN,Peak,Shatabdi,0
31,43,Sleeper,GN,Off-peak,Superfast,1
53,17,1A,GN,Off-peak,Express,0
29,37,2A,Ladies,Off-peak,Rajdhani,0
41,28,1A,Tatkal,Off-peak,Superfast,0
13,37,Sleeper,Ladies,Peak,Express,1
48,13,1A,Ladies,Peak,Superfast,0
38,4,2A,Tatkal,Peak,Superfast,0
24,32,1A,GN,Off-peak,Shatabdi,0
33,16,1A,Tatkal,Peak,Rajdhani,0
56,9,Sleeper,Ladies,Off-peak,Express,0
6,9,3A,Ladies,Off-peak,Rajdhani,1
12,7,Sleeper,Ladies,Off-peak,Rajdhani,1
36,34,Sleeper,GN,Off-peak,Rajdhani,0
33,8,Sleeper,Ladies,Off-peak,Rajdhani,1
59,25,1A,Ladies,Peak,Rajdhani,0
4,29,3A,GN,Off-peak,Shatabdi,1
38,35,3A,Tatkal,Peak,Shatabdi,0
18,45,1A,Ladies,Off-peak,Express,0
59,2,3A,Ladies,Off-peak,Rajdhani,0
27,31,2A,Tatkal,Off-peak,Shatabdi,0
13,21,2A,Ladies,Off-peak,Rajdhani,0
52,31,1A,GN,Peak,Shatabdi,0
54,42,3A,GN,Off-peak,Superfast,0
22,40,Sleeper,Ladies,Off-peak,Express,1
44,2,2A,GN,Peak,Express,0
40,38,3A,Ladies,Off-peak,Superfast,0
17,2,2A,Tatkal,Peak,Rajdhani,0
5,19,Sleeper,Tatkal,Off-peak,Rajdhani,0
42,44,Sleeper,GN,Peak,Superfast,1
55,3,3A,Tatkal,Off-peak,Rajdhani,0
21,40,1A,Ladies,Peak,Rajdhani,0
38,40,1A,Tatkal,Off-peak,Rajdhani,0
56,9,3A,Ladies,Off-peak,Superfast,0
23,27,2A,Tatkal,Off-peak,Express,0
37,18,Sleeper,GN,Off-peak,Express,1
20,1,Sleeper,Tatkal,Peak,Shatabdi,0
40,20,1A,GN,Off-peak,Shatabdi,0
56,7,2A,Ladies,Off-peak,Superfast,0
29,45,3A,Ladies,Peak,Express,0
15,6,1A,Ladies,Peak,Rajdhani,0
9,36,Sleeper,Tatkal,Off-peak,Superfast,0
42,10,3A,GN,Peak,Superfast,0
6,24,2A,GN,Off-peak,Superfast,1
35,15,1A,Tatkal,Peak,Express,0
59,13,2A,Tatkal,Off-peak,Express,0
46,16,1A,GN,Peak,Superfast,0
48,40,2A,Ladies,Off-peak,Rajdhani,0
59,40,1A,Tatkal,Peak,Express,0
5,28,Sleeper,Tatkal,Peak,Shatabdi,0
58,10,Sleeper,Ladies,Peak,Express,0
37,35,Sleeper,Ladies,Off-peak,Rajdhani,0
15,19,2A,Ladies,Off-peak,Express,0
45,3,2A,Ladies,Peak,Express,0
52,28,2A,GN,Peak,Shatabdi,0
35,25,2A,Ladies,Peak,Shatabdi,0
50,1,3A,Tatkal,Off-peak,Rajdhani,0
37,41,1A,Ladies,Peak,Rajdhani,0
36,12,1A,Tatkal,Off-peak,Express,0
8,38,1A,Tatkal,Off-peak,Express,0
5,0,3A,Tatkal,Off-peak,Shatabdi,0
18,11,Sleeper,GN,Peak,Shatabdi,0
44,44,3A,Tatkal,Peak,Rajdhani,0
58,13,1A,Tatkal,Peak,Express,0
32,22,Sleeper,GN,Off-peak,Express,1
40,4,2A,GN,Off-peak,Superfast,0
53,25,Sleeper,Tatkal,Off-peak,Rajdhani,0
40,10,3A,GN,Off-peak,Rajdhani,0
30,19,1A,Tatkal,Off-peak,Superfast,0
9,24,Sleeper,GN,Off-peak,Shatabdi,1
32,8,1A,GN,Peak,Superfast,0
48,41,1A,Ladies,Off-peak,Superfast,0
38,10,3A,Tatkal,Off-peak,Express,0
55,16,Sleeper,Tatkal,Peak,Rajdhani,0
14,35,2A,GN,Peak,Superfast,0
22,4,3A,Tatkal,Off-peak,Superfast,0
57,35,1A,Tatkal,Peak,Shatabdi,0
35,34,3A,Ladies,Peak,Superfast,0
31,15,3A,GN,Off-peak,Superfast,0
18,24,Sleeper,Tatkal,Off-peak,Superfast,0
38,12,3A,Tatkal,Peak,Rajdhani,0
17,44,1A,Ladies,Off-peak,Superfast,0
14,4,3A,Ladies,Peak,Superfast,0
1,37,2A,Tatkal,Peak,Express,0
32,41,1A,Tatkal,Peak,Shatabdi,0
4,44,2A,Ladies,Peak,Rajdhani,1
7,44,1A,GN,Peak,Superfast,0
14,37,Sleeper,Tatkal,Peak,Rajdhani,0
17,14,1A,Tatkal,Off-peak,Shatabdi,0
41,6,Sleeper,Tatkal,Peak,Express,0
7,2,1A,Ladies,Off-peak,Express,0
20,8,2A,Tatkal,Peak,Express,0
42,35,Sleeper,GN,Off-peak,Shatabdi,0
16,4,2A,Tatkal,Peak,Shatabdi,0
1,25,Sleeper,GN,Peak,Shatabdi,1
4,11,1A,Tatkal,Off-peak,Rajdhani,0
44,20,3A,GN,Off-peak,Rajdhani,0
7,18,3A,GN,Off-peak,Express,1
31,2,Sleeper,Tatkal,Peak,Superfast,0
21,37,3A,GN,Peak,Express,1
28,15,3A,Ladies,Peak,Shatabdi,0
9,8,2A,GN,Peak,Superfast,1
15,37,3A,GN,Peak,Rajdhani,0
24,24,3A,Ladies,Peak,Rajdhani,0
43,39,Sleeper,GN,Peak,Shatabdi,0
17,34,2A,GN,Peak,Rajdhani,0
13,14,3A,Tatkal,Peak,Express,0
8,13,3A,GN,Off-peak,Superfast,1
54,26,2A,Tatkal,Peak,Shatabdi,0
20,11,1A,Tatkal,Off-peak,Express,0
28,0,3A,Tatkal,Off-peak,Express,0
13,17,3A,Ladies,Peak,Superfast,0
16,27,1A,Ladies,Off-peak,Shatabdi,0
18,42,2A,GN,Off-peak,Shatabdi,0
23,25,Sleeper,Tatkal,Peak,Express,0
26,23,2A,Ladies,Peak,Superfast,0
32,24,3A,Tatkal,Peak,Rajdhani,0
40,26,1A,Tatkal,Peak,Superfast,0
31,23,3A,GN,Off-peak,Superfast,0
11,18,1A,Tatkal,Off-peak,Express,0
47,20,3A,Tatkal,Peak,Express,0
9,40,2A,Ladies,Peak,Shatabdi,0
19,12,1A,Tatkal,Peak,Superfast,0
7,21,1A,GN,Peak,Express,0
56,41,1A,GN,Peak,Superfast,0
18,13,2A,Tatkal,Off-peak,Express,0
16,42,Sleeper,Tatkal,Peak,Express,0
47,34,3A,Tatkal,Off-peak,Shatabdi,0
40,38,Sleeper,Tatkal,Peak,Superfast,0
56,14,Sleeper,GN,Off-peak,Shatabdi,0
45,29,Sleeper,GN,Peak,Rajdhani,0
32,13,1A,GN,Off-peak,Rajdhani,0
31,44,3A,GN,Peak,Superfast,0
35,39,1A,Tatkal,Peak,Shatabdi,0
25,17,3A,GN,Peak,Rajdhani,0
19,25,3A,Ladies,Off-peak,Express,1
26,11,2A,Ladies,Off-peak,Shatabdi,0
48,37,3A,Tatkal,Off-peak,Superfast,0
49,25,3A,GN,Peak,Express,0
9,37,2A,GN,Peak,Express,0
53,36,2A,Ladies,Peak,Rajdhani,0
12,41,1A,Ladies,Off-peak,Superfast,0
37,29,Sleeper,Ladies,Off-peak,Express,1
44,1,1A,Ladies,Peak,Shatabdi,0
22,14,Sleeper,GN,Peak,Express,1
7,10,2A,Ladies,Peak,Rajdhani,0
26,45,3A,Ladies,Off-peak,Rajdhani,0
49,5,3A,GN,Peak,Superfast,0
18,13,1A,Ladies,Off-peak,Express,0
43,13,2A,Ladies,Peak,Superfast,0
3,36,2A,GN,Peak,Rajdhani,1
56,27,1A,Ladies,Peak,Rajdhani,0
5,16,Sleeper,GN,Off-peak,Rajdhani,1
19,37,Sleeper,GN,Peak,Superfast,1
42,10,Sleeper,GN,Off-peak,Express,1
60,7,1A,Ladies,Peak,Rajdhani,0
57,39,Sleeper,GN,Off-peak,Shatabdi,0
8,12,2A,Ladies,Off-peak,Superfast,1
36,16,3A,GN,Peak,Superfast,0
13,4,1A,GN,Off-peak,Rajdhani,0
32,37,Sleeper,GN,Off-peak,Rajdhani,1
6,20,1A,GN,Peak,Express,0
8,13,3A,Ladies,Peak,Superfast,1
60,1,3A,Tatkal,Off-peak,Rajdhani,0
11,33,Sleeper,Tatkal,Peak,Rajdhani,0
9,34,1A,Ladies,Off-peak,Superfast,0
9,31,Sleeper,Ladies,Peak,Express,1
31,32,2A,Tatkal,Off-peak,Superfast,0
56,27,3A,Ladies,Peak,Shatabdi,0
36,5,Sleeper,Ladies,Off-peak,Superfast,0
40,7,1A,GN,Off-peak,Shatabdi,0
16,41,3A,GN,Off-peak,Superfast,1
57,3,Sleeper,Ladies,Peak,Rajdhani,0
59,21,3A,Tatkal,Peak,Express,0
39,42,1A,Ladies,Peak,Express,0
5,26,2A,Tatkal,Off-peak,Shatabdi,0
21,11,1A,Ladies,Off-peak,Rajdhani,0
1,8,2A,Tatkal,Off-peak,Rajdhani,0
60,45,1A,Ladies,Off-peak,Superfast,0
28,24,2A,Ladies,Peak,Rajdhani,0
2,23,Sleeper,Ladies,Off-peak,Express,1
29,22,1A,GN,Off-peak,Superfast,0
50,32,2A,GN,Peak,Express,0
41,5,1A,GN,Off-peak,Express,0
9,41,2A,Tatkal,Off-peak,Rajdhani,0
17,24,Sleeper,Tatkal,Peak,Rajdhani,0
6,18,2A,GN,Peak,Rajdhani,1
53,24,1A,GN,Off-peak,Rajdhani,0
51,44,1A,GN,Peak,Rajdhani,0
41,26,1A,Ladies,Peak,Superfast,0
52,6,1A,GN,Peak,Rajdhani,0
31,26,3A,GN,Peak,Rajdhani,0
23,42,3A,GN,Peak,Shatabdi,0
36,9,3A,GN,Peak,Superfast,0
1,34,2A,Tatkal,Off-peak,Shatabdi,0
34,12,2A,Ladies,Off-peak,Rajdhani,0
1,17,Sleeper,GN,Off-peak,Express,1
39,7,3A,Tatkal,Peak,Rajdhani,0
60,15,2A,Ladies,Peak,Superfast,0
13,20,1A,GN,Peak,Shatabdi,0
60,0,1A,Tatkal,Peak,Superfast,0
32,35,Sleeper,Ladies,Off-peak,Shatabdi,0
2,8,Sleeper,GN,Peak,Superfast,1
7,39,2A,Ladies,Off-peak,Shatabdi,1
20,4,2A,GN,Peak,Superfast,0
19,30,1A,Tatkal,Off-peak,Shatabdi,0
36,2,3A,GN,Peak,Rajdhani,0
25,14,2A,Tatkal,Peak,Shatabdi,0
30,35,Sleeper,Ladies,Peak,Rajdhani,0
15,42,1A,Tatkal,Peak,Express,0
39,36,Sleeper,Tatkal,Off-peak,Superfast,0
23,31,2A,Ladies,Off-peak,Rajdhani,0
35,17,3A,Ladies,Peak,Express,0
39,27,Sleeper,Ladies,Off-peak,Superfast,1
58,9,1A,GN,Off-peak,Rajdhani,0
47,3,1A,Tatkal,Off-peak,Express,0
16,14,1A,Tatkal,Off-peak,Express,0
58,2,Sleeper,Tatkal,Off-peak,Shatabdi,0
29,26,Sleeper,GN,Off-peak,Rajdhani,1
20,37,Sleeper,GN,Off-peak,Shatabdi,1
41,1,2A,GN,Off-peak,Express,0
40,39,3A,Ladies,Off-peak,Superfast,0
18,19,1A,Tatkal,Peak,Superfast,0
52,0,2A,Ladies,Peak,Shatabdi,0
48,9,2A,GN,Peak,Superfast,0
33,0,Sleeper,Tatkal,Peak,Express,0
46,8,2A,GN,Off-peak,Superfast,0
16,25,Sleeper,Tatkal,Off-peak,Superfast,0
30,18,Sleeper,Tatkal,Peak,Express,0
37,24,Sleeper,GN,Off-peak,Shatabdi,0
24,28,Sleeper,GN,Peak,Shatabdi,1
43,9,2A,Ladies,Off-peak,Superfast,0
12,14,Sleeper,Tatkal,Peak,Express,0
15,2,2A,GN,Peak,Express,0
26,11,Sleeper,Tatkal,Peak,Rajdhani,0
32,18,3A,Ladies,Peak,Shatabdi,0
2,19,Sleeper,Tatkal,Off-peak,Shatabdi,0
58,7,2A,Ladies,Peak,Shatabdi,0
58,25,1A,Ladies,Peak,Express,0
55,0,1A,GN,Peak,Superfast,0
49,2,3A,GN,Peak,Shatabdi,0
33,2,2A,Ladies,Off-peak,Rajdhani,0
12,9,Sleeper,Tatkal,Peak,Rajdhani,0
7,36,3A,Ladies,Peak,Shatabdi,1
24,39,3A,Tatkal,Off-peak,Rajdhani,0
39,3,Sleeper,GN,Peak,Shatabdi,0
46,37,2A,Tatkal,Peak,Express,0
10,11,2A,Tatkal,Off-peak,Express,0
5,32,2A,Tatkal,Off-peak,Rajdhani,0
47,28,3A,GN,Peak,Superfast,0
51,22,3A,GN,Peak,Rajdhani,0
25,41,1A,Tatkal,Peak,Superfast,0
22,24,2A,Tatkal,Off-peak,Shatabdi,0
29,0,Sleeper,Ladies,Off-peak,Superfast,0
13,43,Sleeper,GN,Off-peak,Express,1
28,26,1A,Tatkal,Peak,Superfast,0
12,42,1A,Ladies,Off-peak,Rajdhani,0
9,1,3A,Ladies,Peak,Superfast,0
31,35,Sleeper,Tatkal,Peak,Rajdhani,0
10,8,3A,GN,Peak,Express,1
31,40,1A,GN,Off-peak,Express,0
41,27,3A,Tatkal,Peak,Shatabdi,0
10,12,1A,GN,Off-peak,Shatabdi,0
5,8,1A,Ladies,Off-peak,Superfast,1
27,14,1A,GN,Peak,Superfast,0
55,9,2A,GN,Peak,Rajdhani,0
2,15,1A,Tatkal,Peak,Shatabdi,0
56,15,Sleeper,GN,Peak,Superfast,0
28,22,1A,Tatkal,Peak,Shatabdi,0
31,34,2A,GN,Off-peak,Shatabdi,0
52,43,1A,Tatkal,Off-peak,Rajdhani,0
57,21,3A,Ladies,Peak,Rajdhani,0
7,6,2A,Ladies,Peak,Express,1
52,22,3A,Ladies,Off-peak,Express,0
19,11,1A,Tatkal,Peak,Superfast,0
5,9,1A,GN,Off-peak,Superfast,1
23,14,3A,Tatkal,Off-peak,Express,0
21,24,1A,Tatkal,Off-peak,Express,0
33,18,1A,GN,Peak,Superfast,0
53,36,2A,Ladies,Off-peak,Rajdhani,0
2,19,1A,Ladies,Peak,Superfast,1
1,26,3A,Ladies,Off-peak,Superfast,1
25,34,2A,GN,Peak,Rajdhani,0
56,26,3A,Tatkal,Off-peak,Express,0
12,38,3A,Ladies,Off-peak,Rajdhani,1
40,28,3A,Tatkal,Off-peak,Shatabdi,0
5,8,Sleeper,Tatkal,Off-peak,Superfast,0
58,0,3A,GN,Peak,Superfast,0
58,31,1A,Ladies,Peak,Superfast,0
59,22,1A,Ladies,Off-peak,Shatabdi,0
24,7,2A,Ladies,Peak,Express,0
2,13,3A,Ladies,Peak,Rajdhani,1
19,28,3A,GN,Peak,Express,1
42,9,Sleeper,Ladies,Off-peak,Superfast,0
5,45,1A,Tatkal,Off-peak,Express,0
1,25,3A,Tatkal,Peak,Shatabdi,0
55,33,1A,GN,Peak,Rajdhani,0
5,8,3A,GN,Peak,Superfast,1
33,17,3A,Tatkal,Off-peak,Shatabdi,0
14,13,1A,Tatkal,Off-peak,Rajdhani,0
51,32,3A,Ladies,Off-peak,Express,0
47,40,Sleeper,Ladies,Peak,Express,0
1,21,2A,Ladies,Off-peak,Express,1
57,38,3A,GN,Off-peak,Express,0
18,36,Sleeper,GN,Peak,Shatabdi,1
17,39,2A,GN,Peak,Superfast,0
4,41,Sleeper,GN,Peak,Superfast,1
19,25,Sleeper,Tatkal,Off-peak,Rajdhani,0
35,3,3A,Ladies,Peak,Superfast,0
17,40,Sleeper,GN,Off-peak,Rajdhani,1
18,15,Sleeper,Tatkal,Off-peak,Express,0
58,32,2A,GN,Peak,Superfast,0
13,33,Sleeper,Tatkal,Peak,Express,0
20,29,2A,Tatkal,Peak,Shatabdi,0
3,39,Sleeper,GN,Off-peak,Superfast,1
25,18,1A,GN,Off-peak,Express,0
36,16,Sleeper,GN,Peak,Shatabdi,0
57,29,Sleeper,Tatkal,Peak,Express,0
45,6,1A,GN,Peak,Superfast,0
34,24,1A,Ladies,Off-peak,Rajdhani,0
6,36,1A,Tatkal,Off-peak,Superfast,0
38,45,3A,Ladies,Peak,Shatabdi,0
27,4,1A,GN,Off-peak,Rajdhani,0
22,34,3A,Tatkal,Peak,Superfast,0
23,41,Sleeper,Ladies,Off-peak,Express,1
21,28,3A,Ladies,Off-peak,Shatabdi,0
24,15,3A,Ladies,Peak,Superfast,0
11,24,1A,Ladies,Peak,Rajdhani,0
30,44,1A,Tatkal,Peak,Rajdhani,0
44,21,2A,Tatkal,Off-peak,Express,0
39,13,Sleeper,GN,Peak,Shatabdi,0
51,32,2A,GN,Peak,Express,0
12,30,1A,Tatkal,Peak,Superfast,0
21,4,2A,Ladies,Peak,Shatabdi,0
21,8,2A,Tatkal,Off-peak,Rajdhani,0
16,0,1A,GN,Peak,Express,0
9,0,1A,GN,Peak,Express,0
51,30,1A,Tatkal,Peak,Rajdhani,0
57,32,2A,GN,Off-peak,Shatabdi,0
45,30,1A,GN,Peak,Rajdhani,0
1,28,Sleeper,GN,Peak,Rajdhani,1
53,9,2A,GN,Peak,Superfast,0
44,18,1A,GN,Peak,Superfast,0
48,42,1A,Ladies,Off-peak,Express,0
7,39,1A,GN,Off-peak,Rajdhani,0
25,23,1A,Tatkal,Off-peak,Express,0
50,29,1A,Tatkal,Peak,Express,0
34,15,3A,Tatkal,Off-peak,Rajdhani,0
2,39,2A,GN,Peak,Superfast,1
9,43,1A,Ladies,Off-peak,Shatabdi,0
50,29,3A,Ladies,Peak,Shatabdi,0
54,5,Sleeper,Tatkal,Peak,Rajdhani,0
30,1,2A,Ladies,Off-peak,Express,0
43,15,1A,GN,Peak,Superfast,0
32,40,Sleeper,GN,Off-peak,Rajdhani,1
48,44,Sleeper,GN,Peak,Express,0
46,9,1A,GN,Peak,Rajdhani,0
9,25,2A,Ladies,Peak,Superfast,0
55,29,2A,Ladies,Off-peak,Shatabdi,0
15,20,2A,Ladies,Peak,Superfast,0
32,5,3A,GN,Off-peak,Express,0
31,36,Sleeper,Tatkal,Off-peak,Shatabdi,0
58,45,1A,Ladies,Off-peak,Superfast,0
44,15,3A,GN,Peak,Rajdhani,0
32,44,3A,Ladies,Off-peak,Express,0
24,9,3A,Tatkal,Off-peak,Superfast,0
17,37,3A,Ladies,Off-peak,Shatabdi,0
19,0,Sleeper,GN,Peak,Rajdhani,0
35,25,Sleeper,GN,Off-peak,Express,1
51,1,2A,GN,Peak,Superfast,0
18,13,3A,Tatkal,Peak,Express,0
42,12,Sleeper,Ladies,Peak,Shatabdi,0
21,26,3A,Tatkal,Peak,Rajdhani,0
6,3,Sleeper,Ladies,Peak,Rajdhani,1
34,38,3A,GN,Off-peak,Rajdhani,0
47,0,2A,Ladies,Peak,Shatabdi,0
34,41,3A,Tatkal,Off-peak,Rajdhani,0
22,34,3A,Ladies,Peak,Shatabdi,0
4,16,3A,Ladies,Off-peak,Express,1
28,5,3A,Tatkal,Off-peak,Shatabdi,0
35,41,Sleeper,Ladies,Peak,Shatabdi,0
9,43,1A,Ladies,Peak,Superfast,0
55,36,2A,Tatkal,Off-peak,Express,0
55,0,2A,Ladies,Peak,Rajdhani,0
54,5,Sleeper,Tatkal,Peak,Shatabdi,0
1,39,1A,Tatkal,Peak,Express,0
40,32,2A,GN,Peak,Rajdhani,0
48,19,3A,Ladies,Off-peak,Shatabdi,0
31,26,2A,Ladies,Peak,Rajdhani,0
26,31,1A,Tatkal,Peak,Express,0
31,25,3A,Ladies,Peak,Express,1
60,15,1A,Ladies,Off-peak,Rajdhani,0
6,41,1A,Ladies,Peak,Express,0
60,25,3A,Ladies,Peak,Shatabdi,0
28,27,1A,Tatkal,Peak,Shatabdi,0
29,41,1A,GN,Off-peak,Superfast,0
11,11,Sleeper,Tatkal,Off-peak,Shatabdi,0
52,20,Sleeper,GN,Off-peak,Superfast,0
40,30,1A,Tatkal,Peak,Express,0
21,38,1A,Tatkal,Off-peak,Rajdhani,0
36,12,2A,Ladies,Peak,Superfast,0
2,4,2A,GN,Off-peak,Rajdhani,1
58,24,2A,Tatkal,Peak,Rajdhani,0
53,8,2A,Tatkal,Off-peak,Rajdhani,0
35,34,1A,GN,Peak,Superfast,0
34,27,Sleeper,GN,Off-peak,Rajdhani,1
1,45,3A,Tatkal,Off-peak,Shatabdi,1
34,28,1A,Tatkal,Off-peak,Rajdhani,0
41,14,Sleeper,GN,Peak,Rajdhani,0
8,6,3A,Tatkal,Peak,Rajdhani,0
42,32,1A,Ladies,Peak,Express,0
18,10,Sleeper,Tatkal,Off-peak,Shatabdi,0
12,10,3A,GN,Off-peak,Shatabdi,1
53,7,Sleeper,Tatkal,Peak,Rajdhani,0
1,31,3A,GN,Peak,Superfast,1
51,11,1A,Ladies,Off-peak,Shatabdi,0
17,44,1A,Tatkal,Peak,Express,0
51,40,2A,GN,Off-peak,Express,0
57,44,Sleeper,Ladies,Off-peak,Superfast,0
26,42,2A,Tatkal,Off-peak,Superfast,0
4,24,1A,GN,Off-peak,Superfast,1
17,23,3A,Tatkal,Off-peak,Rajdhani,0
18,24,1A,Ladies,Off-peak,Superfast,0
60,32,3A,Ladies,Off-peak,Shatabdi,0
51,18,3A,Ladies,Off-peak,Express,0
41,10,1A,Tatkal,Peak,Express,0
26,19,2A,GN,Peak,Rajdhani,0
56,42,1A,Tatkal,Off-peak,Express,0
1,32,2A,GN,Peak,Express,1
50,39,3A,Ladies,Off-peak,Superfast,0
16,27,2A,Ladies,Peak,Superfast,0
2,19,2A,GN,Off-peak,Rajdhani,1
39,11,2A,Tatkal,Off-peak,Shatabdi,0
47,0,Sleeper,Tatkal,Peak,Superfast,0
12,38,3A,Ladies,Peak,Express,1
29,14,1A,GN,Off-peak,Superfast,0
41,22,Sleeper,GN,Peak,Rajdhani,0
27,8,2A,Ladies,Off-peak,Rajdhani,0
23,2,3A,Ladies,Peak,Superfast,0
22,1,3A,Ladies,Peak,Superfast,0
14,21,3A,GN,Peak,Express,1
39,16,3A,GN,Off-peak,Superfast,0
13,5,Sleeper,GN,Peak,Shatabdi,0
43,22,Sleeper,Tatkal,Peak,Express,0
23,11,1A,Tatkal,Peak,Express,0
54,43,1A,GN,Off-peak,Rajdhani,0
45,3,2A,Tatkal,Peak,Shatabdi,0
36,45,2A,Tatkal,Off-peak,Superfast,0
6,16,1A,GN,Peak,Shatabdi,0
21,6,Sleeper,Tatkal,Off-peak,Superfast,0
54,22,2A,Ladies,Peak,Express,0
45,2,1A,GN,Off-peak,Shatabdi,0
35,6,1A,Tatkal,Peak,Shatabdi,0
29,16,1A,GN,Peak,Rajdhani,0
43,20,1A,Tatkal,Off-peak,Shatabdi,0
49,27,2A,GN,Peak,Express,0
2,32,2A,Ladies,Peak,Express,1
26,10,Sleeper,Ladies,Peak,Express,1
37,14,Sleeper,Ladies,Off-peak,Shatabdi,1
2,15,2A,GN,Off-peak,Express,1
4,19,2A,GN,Off-peak,Shatabdi,1
59,8,1A,Tatkal,Peak,Rajdhani,0
12,13,2A,GN,Peak,Superfast,0
33,22,Sleeper,Ladies,Off-peak,Shatabdi,0
4,9,2A,Ladies,Peak,Express,1
20,23,Sleeper,Ladies,Peak,Shatabdi,1
51,15,Sleeper,GN,Off-peak,Shatabdi,0
31,23,2A,Tatkal,Off-peak,Express,0
12,38,Sleeper,GN,Off-peak,Superfast,1
38,1,2A,Ladies,Off-peak,Shatabdi,0
58,5,3A,Ladies,Off-peak,Shatabdi,0
28,39,2A,GN,Peak,Rajdhani,0
44,41,3A,Ladies,Off-peak,Express,0
8,43,Sleeper,Tatkal,Peak,Express,0
10,43,Sleeper,Ladies,Off-peak,Shatabdi,1
25,21,Sleeper,Tatkal,Peak,Shatabdi,0
33,7,1A,GN,Peak,Rajdhani,0
47,32,1A,GN,Peak,Shatabdi,0
7,37,3A,Tatkal,Peak,Superfast,0
29,13,1A,Tatkal,Off-peak,Rajdhani,0
50,1,2A,GN,Off-peak,Express,0
1,28,2A,Tatkal,Peak,Superfast,0
56,12,Sleeper,Tatkal,Off-peak,Superfast,0
4,0,3A,GN,Peak,Express,0
48,33,3A,Ladies,Off-peak,Rajdhani,0
57,13,2A,Ladies,Off-peak,Rajdhani,0
11,38,2A,Ladies,Off-peak,Express,1
49,25,Sleeper,GN,Peak,Superfast,0
1,38,3A,Tatkal,Off-peak,Express,1
44,22,2A,Ladies,Peak,Shatabdi,0
16,27,Sleeper,GN,Peak,Shatabdi,1
54,35,3A,Tatkal,Peak,Rajdhani,0
4,20,Sleeper,GN,Peak,Superfast,1
25,3,Sleeper,Ladies,Off-peak,Shatabdi,0
10,0,Sleeper,GN,Peak,Superfast,0
51,15,3A,GN,Peak,Rajdhani,0
57,43,1A,Ladies,Peak,Express,0
15,26,Sleeper,GN,Peak,Express,1
16,24,Sleeper,Tatkal,Off-peak,Express,0
28,30,3A,GN,Peak,Rajdhani,0
23,8,Sleeper,Tatkal,Peak,Rajdhani,0
31,0,1A,GN,Off-peak,Shatabdi,0
18,35,2A,GN,Off-peak,Rajdhani,0
12,13,1A,GN,Off-peak,Rajdhani,0
49,7,Sleeper,Ladies,Off-peak,Superfast,0
24,16,2A,Tatkal,Off-peak,Shatabdi,0
40,25,2A,Tatkal,Off-peak,Rajdhani,0
39,11,1A,Tatkal,Off-peak,Rajdhani,0
16,28,1A,Ladies,Peak,Express,0
49,9,1A,GN,Off-peak,Express,0
7,8,1A,Tatkal,Off-peak,Shatabdi,0
2,23,2A,Tatkal,Peak,Express,1
7,12,1A,Ladies,Off-peak,Rajdhani,0
11,8,3A,Ladies,Off-peak,Express,1
5,19,2A,Tatkal,Off-peak,Shatabdi,0
32,27,3A,Ladies,Peak,Rajdhani,0
19,43,Sleeper,GN,Off-peak,Express,1
50,6,2A,GN,Peak,Superfast,0
12,18,3A,GN,Off-peak,Express,1
14,26,2A,Tatkal,Peak,Superfast,0
25,20,1A,Ladies,Off-peak,Express,0
60,1,3A,Tatkal,Peak,Rajdhani,0
2,17,3A,Tatkal,Peak,Express,0
47,14,Sleeper,Tatkal,Peak,Shatabdi,0
50,45,Sleeper,Ladies,Peak,Express,1
60,3,1A,Tatkal,Peak,Superfast,0
5,2,2A,GN,Off-peak,Shatabdi,0
38,6,Sleeper,Ladies,Off-peak,Shatabdi,0
9,32,3A,Tatkal,Off-peak,Rajdhani,0
34,12,Sleeper,GN,Peak,Express,0
45,37,1A,Ladies,Peak,Express,0
22,43,1A,Ladies,Off-peak,Express,0
58,18,1A,Ladies,Peak,Superfast,0
11,8,Sleeper,Tatkal,Peak,Rajdhani,0
18,34,1A,Tatkal,Off-peak,Superfast,0
